;0;1;2;3;4;5;6;7;8;9;10;11;12;13;14;15;16;17;18;19;20;21;22;23;24;25;26;27;28;29;30;31;32;33;34;35;36;37;38;39;40;41;42;43;44;45;46;47;48;49;50;51;52;53;54;55;56;57;58;59;60;61;62;63;64;65;66;67;68;69;70;71;72;73;74;75;76;77;78;79;80;81;82;83;84;
super_master_table;8[0|0|0|0];8[0|0|0|0];8[0|0|0|0];8[0|0|0|0];8[0|0|0|0];8[0|0|0|0];8[0|0|0|0];8[0|0|1|0];8[0|0|0|0];8[0|0|0|0];8[0|0|0|0];8[0|0|0|0];8[0|0|0|0];8[0|0|0|0];8[0|0|0|0];8[0|0|0|0];8[0|0|1|0];8[0|0|1|0];8[0|0|0|0];8[0|0|1|0];8[0|0|0|0];8[0|0|0|0];8[0|0|0|0];8[0|0|0|0];8[0|0|0|0];8[0|0|0|0];8[0|0|0|0];8[0|0|0|0];8[0|0|0|0];8[0|0|0|0];8[0|0|0|0];8[0|0|0|0];9[1|0|0|0];9[0|0|0|0];9[0|0|0|0];9[0|0|0|0];9[0|0|0|0];9[0|0|0|0];9[0|0|0|0];9[0|0|0|0];9[0|0|0|0];9[0|0|0|0];9[0|0|0|0];9[0|0|0|0];9[0|0|0|0];9[0|0|1|0];9[0|0|0|0];9[0|0|0|0];9[0|0|0|0];9[0|0|1|0];9[0|0|0|0];10[1|0|0|0];10[0|0|0|0];10[0|0|0|0];10[0|0|0|0];10[0|0|0|0];10[0|0|0|0];10[0|0|0|0];10[0|0|0|0];10[0|0|0|0];10[0|0|0|0];10[0|0|0|0];10[0|0|0|0];10[0|0|0|0];10[0|0|0|0];10[0|0|0|0];10[0|0|0|0];10[0|0|0|0];12[2|0|0|0];12[0|0|0|0];12[0|0|0|0];12[0|0|0|0];12[0|0|0|0];12[0|0|0|0];12[0|0|0|0];12[0|0|0|0];12[0|0|0|0];12[0|0|0|0];12[0|0|0|0];12[0|0|0|0];12[0|0|0|0];12[0|0|0|0];12[0|0|0|0];12[0|0|0|0];12[0|0|0|0];
l1_tt_to_ttv;6[0|0|0|0];6[0|0|0|0];6[0|0|0|0];6[0|0|0|0];6[0|0|0|0];6[0|0|0|0];6[0|0|0|0];6[0|0|0|0];6[0|0|0|0];6[0|0|0|0];6[0|0|0|0];6[0|0|0|0];6[0|0|0|0];6[0|0|0|0];6[0|0|0|0];6[0|0|0|0];6[0|0|0|0];6[0|0|0|0];6[0|0|0|0];6[0|0|1|0];6[0|0|0|0];6[0|0|0|0];6[0|0|0|0];6[0|0|0|0];6[0|0|0|0];6[0|0|0|0];6[0|0|0|0];6[0|0|0|0];6[0|0|0|0];6[0|0|0|0];6[0|0|0|0];6[0|0|0|0];7[1|0|0|0];6[0|1|0|0];6[0|0|0|0];6[0|0|0|0];6[0|0|0|0];6[0|0|0|0];6[0|0|0|0];6[0|0|0|0];6[0|0|0|0];6[0|0|0|0];6[0|0|0|0];6[0|0|0|0];6[0|0|0|0];6[0|0|0|0];6[0|0|0|0];6[0|0|0|0];6[0|0|0|0];6[0|0|1|0];6[0|0|0|0];6[0|0|0|0];6[0|0|0|0];6[0|0|0|0];6[0|0|0|0];6[0|0|0|0];6[0|0|0|0];6[0|0|0|0];6[0|0|0|0];6[0|0|0|0];6[0|0|0|0];6[0|0|0|0];6[0|0|0|0];6[0|0|0|0];6[0|0|0|0];6[0|0|0|0];6[0|0|0|0];6[0|0|0|0];6[0|0|0|0];6[0|0|0|0];6[0|0|0|0];6[0|0|0|0];6[0|0|0|0];6[0|0|0|0];6[0|0|0|0];6[0|0|0|0];6[0|0|0|0];6[0|0|0|0];6[0|0|0|0];6[0|0|0|0];6[0|0|0|0];6[0|0|0|0];6[0|0|0|0];6[0|0|0|0];6[0|0|0|0];
hlt_trigger_menu;8[0|0|0|0];8[0|0|0|0];8[0|0|0|0];8[0|0|0|0];8[0|0|0|0];8[0|0|0|0];8[0|0|0|0];8[0|0|1|0];8[0|0|0|0];8[0|0|0|0];8[0|0|0|0];8[0|0|0|0];8[0|0|0|0];8[0|0|0|0];8[0|0|0|0];8[0|0|0|0];8[0|0|0|0];8[0|0|0|0];8[0|0|0|0];8[0|0|1|0];8[0|0|0|0];8[0|0|0|0];8[0|0|0|0];8[0|0|0|0];8[0|0|0|0];8[0|0|0|0];8[0|0|0|0];8[0|0|0|0];8[0|0|0|0];8[0|0|0|0];8[0|0|0|0];8[0|0|0|0];9[1|0|0|0];8[1|2|0|0];8[0|0|0|0];8[0|0|0|0];8[0|0|0|0];8[0|0|0|0];8[0|0|0|0];8[0|0|0|0];8[0|0|0|0];8[0|0|0|0];8[0|0|0|0];8[0|0|0|0];8[0|0|1|0];8[0|0|0|0];8[0|0|0|0];8[0|0|0|0];8[0|0|0|0];8[0|0|2|0];8[0|0|0|0];8[0|0|0|0];8[0|0|0|0];8[0|0|0|0];8[0|0|0|0];8[0|0|0|0];8[0|0|0|0];8[0|0|0|0];8[0|0|0|0];8[0|0|0|0];8[0|0|0|0];8[0|0|0|0];8[0|0|0|0];8[0|0|0|0];8[0|0|0|0];8[0|0|0|0];8[0|0|0|0];8[0|0|0|0];8[0|0|0|0];8[0|0|0|0];8[0|0|0|0];8[0|0|0|0];8[0|0|0|0];8[0|0|0|0];8[0|0|0|0];8[0|0|0|0];8[0|0|0|0];8[0|0|0|0];8[0|0|0|0];8[0|0|0|0];8[0|0|0|0];8[0|0|0|0];8[0|0|0|0];8[0|0|0|0];8[0|0|0|0];
hlt_trigger_group;0|-|-|-|-;0|-|-|-|-;0|-|-|-|-;0|-|-|-|-;0|-|-|-|-;0|-|-|-|-;0|-|-|-|-;0|-|-|-|-;0|-|-|-|-;0|-|-|-|-;0|-|-|-|-;0|-|-|-|-;0|-|-|-|-;0|-|-|-|-;0|-|-|-|-;0|-|-|-|-;0|-|-|-|-;0|-|-|-|-;0|-|-|-|-;0|-|-|-|-;0|-|-|-|-;0|-|-|-|-;0|-|-|-|-;0|-|-|-|-;0|-|-|-|-;0|-|-|-|-;0|-|-|-|-;0|-|-|-|-;0|-|-|-|-;0|-|-|-|-;0|-|-|-|-;0|-|-|-|-;0|-|-|-|-;0|-|-|-|-;0|-|-|-|-;6[0|0|0|0];6[0|0|0|0];6[0|0|0|0];6[0|0|0|0];6[0|0|0|0];6[0|0|0|0];6[0|0|0|0];6[0|0|0|0];6[0|0|0|0];6[0|0|0|0];6[0|0|0|0];6[0|0|0|0];6[0|0|0|0];6[0|0|0|0];6[0|0|2|0];6[0|0|0|0];6[0|0|0|0];6[0|0|0|0];6[0|0|0|0];6[0|0|0|0];6[0|0|0|0];6[0|0|0|0];6[0|0|0|0];6[0|0|0|0];6[0|0|0|0];6[0|0|0|0];6[0|0|0|0];6[0|0|0|0];6[0|0|0|0];6[0|0|0|0];6[0|0|0|0];6[0|0|0|0];6[0|0|0|0];6[0|0|0|0];6[0|0|0|0];6[0|0|0|0];6[0|0|0|0];6[0|0|0|0];6[0|0|0|0];6[0|0|0|0];6[0|0|0|0];6[0|0|0|0];6[0|0|0|0];6[0|0|0|0];6[0|0|0|0];6[0|0|0|0];6[0|0|0|0];6[0|0|0|0];6[0|0|0|0];6[0|0|0|0];
hlt_trigger_stream;0|-|-|-|-;0|-|-|-|-;0|-|-|-|-;6[0|0|0|0];6[0|0|0|0];6[0|0|0|0];6[0|0|0|0];6[0|0|0|0];6[0|0|0|0];6[6|6|0|0];6[0|0|0|0];8[3|1|0|0];8[0|0|0|0];8[0|0|0|0];8[0|0|0|0];8[0|0|0|0];8[0|0|0|0];8[0|0|1|0];8[0|0|0|0];8[0|0|1|0];8[0|0|0|0];8[0|0|0|0];8[0|0|0|0];8[1|1|0|0];8[0|0|0|0];8[0|0|0|0];8[0|0|0|0];8[0|0|0|0];8[0|0|0|0];8[0|0|0|0];8[0|0|0|0];8[0|0|0|0];9[1|0|0|0];8[0|1|0|0];8[0|0|0|0];8[2|2|1|0];8[0|0|0|0];8[0|0|0|0];8[0|0|0|0];8[0|0|0|0];8[0|0|0|0];8[0|0|0|0];8[0|0|0|0];8[0|0|0|0];8[0|0|0|0];8[0|0|0|0];8[0|0|0|0];8[0|0|0|0];8[0|0|0|0];8[0|0|3|0];8[0|0|0|0];8[0|0|0|0];8[0|0|0|0];7[0|1|0|0];8[1|0|0|0];8[0|0|0|0];8[0|0|0|0];8[0|0|0|0];8[0|0|0|0];8[0|0|0|0];8[0|0|0|0];8[0|0|0|0];8[0|0|0|0];8[0|0|0|0];8[0|0|0|0];8[0|0|0|0];8[0|0|0|0];8[0|0|0|0];8[0|0|0|0];8[0|0|0|0];8[0|0|0|0];8[0|0|0|0];8[0|0|0|0];8[0|0|0|0];8[0|0|0|0];8[0|0|0|0];8[0|0|0|0];8[0|0|0|0];8[0|0|0|0];8[0|0|0|0];8[0|0|0|0];8[0|0|0|0];8[0|0|0|0];8[0|0|0|0];8[0|0|0|0];
HLT_RULE_PARAMETER;0|-|-|-|-;0|-|-|-|-;0|-|-|-|-;0|-|-|-|-;0|-|-|-|-;0|-|-|-|-;0|-|-|-|-;0|-|-|-|-;0|-|-|-|-;0|-|-|-|-;0|-|-|-|-;0|-|-|-|-;0|-|-|-|-;0|-|-|-|-;0|-|-|-|-;0|-|-|-|-;0|-|-|-|-;0|-|-|-|-;0|-|-|-|-;0|-|-|-|-;0|-|-|-|-;0|-|-|-|-;0|-|-|-|-;0|-|-|-|-;0|-|-|-|-;0|-|-|-|-;0|-|-|-|-;0|-|-|-|-;0|-|-|-|-;0|-|-|-|-;0|-|-|-|-;0|-|-|-|-;0|-|-|-|-;0|-|-|-|-;0|-|-|-|-;0|-|-|-|-;0|-|-|-|-;0|-|-|-|-;0|-|-|-|-;0|-|-|-|-;0|-|-|-|-;0|-|-|-|-;0|-|-|-|-;0|-|-|-|-;0|-|-|-|-;0|-|-|-|-;0|-|-|-|-;0|-|-|-|-;0|-|-|-|-;0|-|-|-|-;0|-|-|-|-;0|-|-|-|-;0|-|-|-|-;0|-|-|-|-;0|-|-|-|-;0|-|-|-|-;0|-|-|-|-;0|-|-|-|-;0|-|-|-|-;0|-|-|-|-;0|-|-|-|-;0|-|-|-|-;0|-|-|-|-;0|-|-|-|-;0|-|-|-|-;0|-|-|-|-;0|-|-|-|-;0|-|-|-|-;0|-|-|-|-;0|-|-|-|-;7[0|0|0|0];7[0|0|0|0];7[0|0|0|0];7[0|0|0|0];7[0|0|0|0];7[0|0|0|0];7[0|0|0|0];7[0|0|0|0];7[0|0|0|0];7[0|0|0|0];7[0|0|0|0];7[0|0|0|0];7[0|0|0|0];7[0|0|0|0];7[0|0|0|0];
l1_master_table;15[0|0|0|0];15[0|0|0|0];15[0|0|0|0];15[0|0|0|0];15[0|0|0|0];15[0|0|0|0];15[0|0|0|0];15[0|0|0|0];15[0|0|0|0];15[0|0|0|0];15[0|0|0|0];15[0|0|0|0];15[0|0|0|0];15[0|0|0|0];15[0|0|1|0];15[0|0|0|0];15[0|0|0|0];15[0|0|0|0];15[0|0|0|0];15[0|0|1|0];15[0|0|0|0];15[0|0|0|0];15[0|0|0|0];15[0|0|0|0];15[0|0|0|0];15[0|0|0|0];14[0|1|0|0];14[0|0|0|0];14[0|0|0|0];14[0|0|0|0];14[0|0|0|0];14[0|0|0|0];15[1|0|0|0];15[0|0|0|0];15[0|0|0|0];15[0|0|0|0];15[0|0|0|0];15[0|0|0|0];15[0|0|0|0];15[0|0|0|0];15[0|0|0|0];15[0|0|0|0];15[0|0|0|0];15[0|0|0|0];15[0|0|0|0];15[0|0|0|0];15[0|0|0|0];15[0|0|0|0];15[0|0|0|0];14[0|1|2|0];14[0|0|0|0];15[1|0|0|0];15[0|0|0|0];15[0|0|0|0];15[0|0|0|0];15[0|0|0|0];15[0|0|0|0];15[0|0|0|0];15[0|0|0|0];15[0|0|0|0];15[0|0|0|0];15[0|0|0|0];15[0|0|0|0];15[0|0|0|0];15[0|0|0|0];15[0|0|0|0];15[0|0|0|0];14[0|1|0|0];14[0|0|0|0];15[1|0|0|0];15[0|0|0|0];15[0|0|0|0];15[0|0|0|0];15[0|0|0|0];0|-|-|-|-;15[0|0|0|0];15[0|0|0|0];15[0|0|0|0];15[0|0|0|0];15[0|0|0|0];15[0|0|0|0];15[0|0|0|0];15[0|0|0|0];15[0|0|0|0];15[0|0|0|0];
hlt_dll;7[0|0|0|0];7[0|0|0|0];7[0|0|0|0];7[0|0|0|0];7[0|0|0|0];7[0|0|0|0];7[0|0|0|0];7[0|0|0|0];7[0|0|0|0];7[0|0|0|0];7[0|0|0|0];7[0|0|0|0];7[0|0|0|0];7[0|0|0|0];7[0|0|0|0];7[0|0|0|0];7[0|0|0|0];7[0|0|0|0];7[0|0|0|0];7[0|0|1|0];7[0|0|0|0];7[0|0|0|0];0|-|-|-|-;0|-|-|-|-;0|-|-|-|-;0|-|-|-|-;0|-|-|-|-;0|-|-|-|-;0|-|-|-|-;0|-|-|-|-;0|-|-|-|-;0|-|-|-|-;0|-|-|-|-;0|-|-|-|-;0|-|-|-|-;0|-|-|-|-;0|-|-|-|-;0|-|-|-|-;0|-|-|-|-;0|-|-|-|-;0|-|-|-|-;0|-|-|-|-;0|-|-|-|-;0|-|-|-|-;0|-|-|-|-;0|-|-|-|-;0|-|-|-|-;0|-|-|-|-;0|-|-|-|-;0|-|-|-|-;0|-|-|-|-;0|-|-|-|-;0|-|-|-|-;0|-|-|-|-;0|-|-|-|-;0|-|-|-|-;0|-|-|-|-;0|-|-|-|-;0|-|-|-|-;0|-|-|-|-;0|-|-|-|-;0|-|-|-|-;0|-|-|-|-;0|-|-|-|-;0|-|-|-|-;0|-|-|-|-;0|-|-|-|-;0|-|-|-|-;0|-|-|-|-;0|-|-|-|-;0|-|-|-|-;0|-|-|-|-;0|-|-|-|-;0|-|-|-|-;0|-|-|-|-;0|-|-|-|-;0|-|-|-|-;0|-|-|-|-;0|-|-|-|-;0|-|-|-|-;0|-|-|-|-;0|-|-|-|-;0|-|-|-|-;0|-|-|-|-;0|-|-|-|-;
hlt_property;7[0|0|0|0];7[0|0|0|0];7[0|0|0|0];7[0|0|0|0];7[0|0|0|0];7[0|0|0|0];7[0|0|0|0];7[0|0|0|0];7[0|0|0|0];7[0|0|0|0];7[0|0|0|0];7[0|0|0|0];7[0|0|0|0];7[0|0|0|0];7[0|0|0|0];7[0|0|0|0];7[0|0|0|0];7[0|0|0|0];7[0|0|0|0];7[0|0|1|0];7[0|0|0|0];7[0|0|0|0];0|-|-|-|-;0|-|-|-|-;0|-|-|-|-;0|-|-|-|-;0|-|-|-|-;0|-|-|-|-;0|-|-|-|-;0|-|-|-|-;0|-|-|-|-;0|-|-|-|-;0|-|-|-|-;0|-|-|-|-;0|-|-|-|-;0|-|-|-|-;0|-|-|-|-;0|-|-|-|-;0|-|-|-|-;0|-|-|-|-;0|-|-|-|-;0|-|-|-|-;0|-|-|-|-;0|-|-|-|-;0|-|-|-|-;0|-|-|-|-;0|-|-|-|-;0|-|-|-|-;0|-|-|-|-;0|-|-|-|-;0|-|-|-|-;0|-|-|-|-;0|-|-|-|-;0|-|-|-|-;0|-|-|-|-;0|-|-|-|-;0|-|-|-|-;0|-|-|-|-;0|-|-|-|-;0|-|-|-|-;0|-|-|-|-;0|-|-|-|-;0|-|-|-|-;0|-|-|-|-;0|-|-|-|-;0|-|-|-|-;0|-|-|-|-;0|-|-|-|-;0|-|-|-|-;0|-|-|-|-;0|-|-|-|-;0|-|-|-|-;0|-|-|-|-;0|-|-|-|-;0|-|-|-|-;0|-|-|-|-;0|-|-|-|-;0|-|-|-|-;0|-|-|-|-;0|-|-|-|-;0|-|-|-|-;0|-|-|-|-;0|-|-|-|-;0|-|-|-|-;0|-|-|-|-;
l1_prescaled_clock;8[0|0|0|0];8[0|0|0|0];8[0|0|0|0];8[0|0|0|0];8[0|0|0|0];8[0|0|0|0];8[0|0|0|0];8[0|0|0|0];8[0|0|0|0];8[0|0|0|0];8[0|0|0|0];8[0|0|0|0];8[0|0|0|0];8[0|0|0|0];8[0|0|1|0];8[0|0|0|0];8[0|0|0|0];8[0|0|0|0];8[0|0|0|0];8[0|0|1|0];8[0|0|0|0];8[0|0|0|0];8[0|0|0|0];8[0|0|0|0];8[0|0|0|0];8[0|0|0|0];8[0|0|0|0];8[0|0|0|0];8[0|0|0|0];8[0|0|0|0];8[0|0|0|0];8[0|0|0|0];9[1|0|0|0];8[0|1|0|0];8[0|0|0|0];8[0|0|0|0];8[0|0|0|0];8[0|0|0|0];8[0|0|0|0];8[0|0|0|0];8[0|0|0|0];8[0|0|0|0];8[0|0|0|0];8[0|0|0|0];8[0|0|0|0];8[0|0|0|0];8[0|0|0|0];8[0|0|0|0];8[0|0|0|0];8[0|0|2|0];8[0|0|0|0];8[0|0|0|0];8[0|0|0|0];8[0|0|0|0];8[0|0|0|0];8[0|0|0|0];8[0|0|0|0];8[0|0|0|0];8[0|0|0|0];8[0|0|0|0];8[0|0|0|0];8[0|0|0|0];8[0|0|0|0];8[0|0|0|0];8[0|0|0|0];8[0|0|0|0];8[0|0|0|0];8[0|0|0|0];8[0|0|0|0];8[0|0|0|0];8[0|0|0|0];8[0|0|0|0];8[0|0|0|0];8[0|0|0|0];8[0|0|0|0];8[0|0|0|0];8[0|0|0|0];8[0|0|0|0];8[0|0|0|0];8[0|0|0|0];8[0|0|0|0];8[0|0|0|0];8[0|0|0|0];8[0|0|0|0];8[0|0|0|0];
l1_tm_to_tt_mon;0|-|-|-|-;0|-|-|-|-;0|-|-|-|-;0|-|-|-|-;0|-|-|-|-;0|-|-|-|-;0|-|-|-|-;0|-|-|-|-;0|-|-|-|-;0|-|-|-|-;0|-|-|-|-;0|-|-|-|-;0|-|-|-|-;0|-|-|-|-;0|-|-|-|-;0|-|-|-|-;0|-|-|-|-;0|-|-|-|-;0|-|-|-|-;0|-|-|-|-;0|-|-|-|-;0|-|-|-|-;0|-|-|-|-;0|-|-|-|-;0|-|-|-|-;0|-|-|-|-;0|-|-|-|-;0|-|-|-|-;0|-|-|-|-;0|-|-|-|-;0|-|-|-|-;0|-|-|-|-;0|-|-|-|-;0|-|-|-|-;0|-|-|-|-;0|-|-|-|-;0|-|-|-|-;0|-|-|-|-;0|-|-|-|-;0|-|-|-|-;11[0|0|0|0];11[0|0|0|0];11[0|0|0|0];11[0|0|0|0];11[0|0|0|0];11[0|0|0|0];11[0|0|0|0];11[0|0|0|0];11[0|0|0|0];11[0|0|2|0];11[0|0|0|0];11[0|0|0|0];11[0|0|0|0];11[0|0|0|0];11[0|0|0|0];11[0|0|0|0];11[0|0|0|0];11[1|1|0|0];11[0|0|0|0];11[0|0|0|0];11[0|0|0|0];11[0|0|0|0];11[0|0|0|0];11[0|0|0|0];11[0|0|0|0];11[0|0|0|0];11[0|0|0|0];11[0|0|0|0];11[0|0|0|0];11[0|0|0|0];11[0|0|0|0];11[0|0|0|0];11[0|0|0|0];11[0|0|0|0];11[0|0|0|0];11[0|0|0|0];11[0|0|0|0];11[0|0|0|0];11[0|0|0|0];11[0|0|0|0];11[0|0|0|0];11[0|0|0|0];11[0|0|0|0];11[0|0|0|0];11[0|0|0|0];
hlt_re_to_dl;6[0|0|0|0];6[0|0|0|0];6[0|0|0|0];6[0|0|0|0];6[0|0|0|0];6[0|0|0|0];6[0|0|0|0];6[0|0|0|0];6[0|0|0|0];6[0|0|0|0];6[0|0|0|0];6[0|0|0|0];6[0|0|0|0];6[0|0|0|0];6[0|0|0|0];6[0|0|0|0];6[0|0|0|0];6[0|0|0|0];6[0|0|0|0];6[0|0|1|0];6[0|0|0|0];6[0|0|0|0];0|-|-|-|-;0|-|-|-|-;0|-|-|-|-;0|-|-|-|-;0|-|-|-|-;0|-|-|-|-;0|-|-|-|-;0|-|-|-|-;0|-|-|-|-;0|-|-|-|-;0|-|-|-|-;0|-|-|-|-;0|-|-|-|-;0|-|-|-|-;0|-|-|-|-;0|-|-|-|-;0|-|-|-|-;0|-|-|-|-;0|-|-|-|-;0|-|-|-|-;0|-|-|-|-;0|-|-|-|-;0|-|-|-|-;0|-|-|-|-;0|-|-|-|-;0|-|-|-|-;0|-|-|-|-;0|-|-|-|-;0|-|-|-|-;0|-|-|-|-;0|-|-|-|-;0|-|-|-|-;0|-|-|-|-;0|-|-|-|-;0|-|-|-|-;0|-|-|-|-;0|-|-|-|-;0|-|-|-|-;0|-|-|-|-;0|-|-|-|-;0|-|-|-|-;0|-|-|-|-;0|-|-|-|-;0|-|-|-|-;0|-|-|-|-;0|-|-|-|-;0|-|-|-|-;0|-|-|-|-;0|-|-|-|-;0|-|-|-|-;0|-|-|-|-;0|-|-|-|-;0|-|-|-|-;0|-|-|-|-;0|-|-|-|-;0|-|-|-|-;0|-|-|-|-;0|-|-|-|-;0|-|-|-|-;0|-|-|-|-;0|-|-|-|-;0|-|-|-|-;0|-|-|-|-;
hlt_ts_to_te;7[0|0|0|0];7[0|0|0|0];7[0|0|0|0];7[0|0|0|0];7[0|0|0|0];7[0|0|0|0];7[0|0|0|0];7[0|0|0|0];7[0|0|0|0];7[0|0|0|0];7[0|0|0|0];7[0|0|0|0];7[0|0|0|0];7[0|0|0|0];7[0|0|0|0];7[0|0|0|0];7[0|0|0|0];7[0|0|0|0];7[0|0|0|0];7[0|0|1|0];7[0|0|0|0];7[0|0|0|0];7[0|0|0|0];7[0|0|0|0];7[0|0|0|0];7[0|0|0|0];7[0|0|0|0];7[0|0|0|0];7[0|0|0|0];7[0|0|0|0];7[0|0|0|0];7[0|0|0|0];8[1|0|0|0];7[0|1|0|0];7[0|0|0|0];7[0|0|0|0];7[0|0|0|0];7[0|0|0|0];7[0|0|0|0];7[0|0|0|0];7[0|0|0|0];7[0|0|0|0];7[0|0|0|0];7[0|0|0|0];7[0|0|0|0];7[0|0|0|0];7[0|0|0|0];7[0|0|0|0];7[0|0|0|0];7[0|0|1|0];7[0|0|0|0];7[0|0|0|0];7[0|0|0|0];7[0|0|0|0];7[0|0|0|0];7[0|0|0|0];7[0|0|0|0];7[0|0|0|0];7[0|0|0|0];7[0|0|0|0];7[0|0|0|0];7[0|0|0|0];7[0|0|0|0];7[0|0|0|0];7[0|0|0|0];7[0|0|0|0];7[0|0|0|0];7[0|0|0|0];7[0|0|0|0];7[0|0|0|0];7[0|0|0|0];7[0|0|0|0];7[0|0|0|0];7[0|0|0|0];7[0|0|0|0];7[0|0|0|0];7[0|0|0|0];7[0|0|0|0];7[0|0|0|0];7[0|0|0|0];7[0|0|0|0];7[0|0|0|0];7[0|0|0|0];7[0|0|0|0];7[0|0|0|0];
trigger_next_run;5[0|0|0|0];5[0|0|0|0];5[0|0|0|0];5[0|0|0|0];5[0|0|0|0];5[0|0|0|0];5[0|0|0|0];5[0|0|0|0];5[0|0|0|0];5[0|0|0|0];5[0|0|0|0];5[0|0|0|0];5[0|0|0|0];5[0|0|0|0];5[0|0|0|0];5[0|0|0|0];5[0|0|0|0];5[0|0|0|0];5[0|0|0|0];5[0|0|1|0];5[0|0|0|0];5[0|0|0|0];5[0|0|0|0];5[0|0|0|0];5[0|0|0|0];5[0|0|0|0];5[0|0|0|0];5[0|0|0|0];5[0|0|0|0];5[0|0|0|0];5[0|0|0|0];5[0|0|0|0];6[1|0|0|0];5[0|1|0|0];5[0|0|0|0];5[0|0|0|0];5[0|0|0|0];5[0|0|0|0];5[0|0|0|0];5[0|0|0|0];5[0|0|0|0];5[0|0|0|0];5[0|0|0|0];5[0|0|0|0];5[0|0|0|0];5[0|0|0|0];5[0|0|0|0];5[0|0|0|0];5[0|0|0|0];5[0|0|1|0];5[0|0|0|0];5[0|0|0|0];5[0|0|0|0];5[0|0|0|0];5[0|0|0|0];5[0|0|0|0];5[0|0|0|0];5[0|0|0|0];5[0|0|0|0];5[0|0|0|0];5[0|0|0|0];5[0|0|0|0];5[0|0|0|0];5[0|0|0|0];5[0|0|0|0];5[0|0|0|0];5[0|0|0|0];5[0|0|0|0];5[0|0|0|0];5[0|0|0|0];5[0|0|0|0];5[0|0|0|0];5[0|0|0|0];5[0|0|0|0];5[0|0|0|0];5[0|0|0|0];5[0|0|0|0];5[0|0|0|0];5[0|0|0|0];5[0|0|0|0];5[0|0|0|0];5[0|0|0|0];5[0|0|0|0];5[0|0|0|0];5[0|0|0|0];
l1_prescale_set_alias;0|-|-|-|-;0|-|-|-|-;0|-|-|-|-;0|-|-|-|-;0|-|-|-|-;0|-|-|-|-;0|-|-|-|-;0|-|-|-|-;0|-|-|-|-;0|-|-|-|-;0|-|-|-|-;0|-|-|-|-;0|-|-|-|-;0|-|-|-|-;0|-|-|-|-;0|-|-|-|-;0|-|-|-|-;0|-|-|-|-;0|-|-|-|-;0|-|-|-|-;0|-|-|-|-;0|-|-|-|-;0|-|-|-|-;0|-|-|-|-;0|-|-|-|-;0|-|-|-|-;0|-|-|-|-;0|-|-|-|-;0|-|-|-|-;0|-|-|-|-;7[0|0|0|0];7[0|0|0|0];8[1|0|0|0];7[0|1|0|0];7[0|0|0|0];7[0|0|0|0];7[0|0|0|0];7[0|0|0|0];7[0|0|0|0];7[0|0|0|0];7[0|0|0|0];7[0|0|0|0];7[0|0|0|0];7[0|0|0|0];7[0|0|0|0];7[0|0|0|0];7[0|0|0|0];7[0|0|0|0];7[0|0|0|0];7[0|0|2|0];7[0|0|0|0];7[0|0|0|0];7[0|0|0|0];7[0|0|0|0];7[0|0|0|0];7[0|0|0|0];7[0|0|0|0];7[0|0|0|0];7[0|0|0|0];7[0|0|0|0];7[0|0|0|0];7[0|0|0|0];7[0|0|0|0];7[0|0|0|0];7[0|0|0|0];7[0|0|0|0];7[0|0|0|0];7[0|0|0|0];7[0|0|0|0];7[0|0|0|0];7[0|0|0|0];7[0|0|0|0];7[0|0|0|0];7[0|0|0|0];7[0|0|0|0];7[0|0|0|0];7[0|0|0|0];7[0|0|0|0];7[0|0|1|0];7[0|0|0|0];7[0|0|0|0];7[0|0|0|0];7[0|0|0|0];7[0|0|0|0];7[0|0|0|0];
hlt_tm_to_ps;0|-|-|-|-;0|-|-|-|-;0|-|-|-|-;0|-|-|-|-;0|-|-|-|-;0|-|-|-|-;0|-|-|-|-;0|-|-|-|-;0|-|-|-|-;0|-|-|-|-;0|-|-|-|-;0|-|-|-|-;0|-|-|-|-;0|-|-|-|-;0|-|-|-|-;0|-|-|-|-;0|-|-|-|-;0|-|-|-|-;0|-|-|-|-;0|-|-|-|-;0|-|-|-|-;0|-|-|-|-;0|-|-|-|-;0|-|-|-|-;0|-|-|-|-;0|-|-|-|-;0|-|-|-|-;0|-|-|-|-;0|-|-|-|-;0|-|-|-|-;0|-|-|-|-;0|-|-|-|-;0|-|-|-|-;0|-|-|-|-;0|-|-|-|-;0|-|-|-|-;0|-|-|-|-;0|-|-|-|-;0|-|-|-|-;0|-|-|-|-;0|-|-|-|-;0|-|-|-|-;0|-|-|-|-;0|-|-|-|-;0|-|-|-|-;0|-|-|-|-;0|-|-|-|-;0|-|-|-|-;0|-|-|-|-;0|-|-|-|-;0|-|-|-|-;0|-|-|-|-;0|-|-|-|-;0|-|-|-|-;0|-|-|-|-;0|-|-|-|-;0|-|-|-|-;0|-|-|-|-;0|-|-|-|-;0|-|-|-|-;0|-|-|-|-;0|-|-|-|-;0|-|-|-|-;0|-|-|-|-;0|-|-|-|-;0|-|-|-|-;0|-|-|-|-;6[0|0|0|0];6[0|0|0|0];6[0|0|0|0];6[0|0|0|0];6[0|0|0|0];6[0|0|0|0];6[0|0|0|0];6[0|0|0|0];6[0|0|0|0];6[0|0|0|0];6[0|0|0|0];6[0|0|0|0];6[0|0|0|0];6[0|0|0|0];6[0|0|0|0];6[0|0|0|0];6[0|0|0|0];6[0|0|0|0];
hlt_tt_to_tr;0|-|-|-|-;0|-|-|-|-;0|-|-|-|-;0|-|-|-|-;0|-|-|-|-;0|-|-|-|-;0|-|-|-|-;0|-|-|-|-;0|-|-|-|-;0|-|-|-|-;0|-|-|-|-;0|-|-|-|-;0|-|-|-|-;0|-|-|-|-;0|-|-|-|-;0|-|-|-|-;0|-|-|-|-;0|-|-|-|-;0|-|-|-|-;0|-|-|-|-;0|-|-|-|-;0|-|-|-|-;0|-|-|-|-;0|-|-|-|-;0|-|-|-|-;0|-|-|-|-;0|-|-|-|-;0|-|-|-|-;0|-|-|-|-;0|-|-|-|-;0|-|-|-|-;0|-|-|-|-;0|-|-|-|-;0|-|-|-|-;0|-|-|-|-;0|-|-|-|-;0|-|-|-|-;0|-|-|-|-;0|-|-|-|-;0|-|-|-|-;0|-|-|-|-;0|-|-|-|-;0|-|-|-|-;0|-|-|-|-;0|-|-|-|-;0|-|-|-|-;0|-|-|-|-;0|-|-|-|-;0|-|-|-|-;0|-|-|-|-;0|-|-|-|-;0|-|-|-|-;0|-|-|-|-;7[0|0|0|0];0|-|-|-|-;0|-|-|-|-;0|-|-|-|-;0|-|-|-|-;0|-|-|-|-;0|-|-|-|-;0|-|-|-|-;0|-|-|-|-;0|-|-|-|-;0|-|-|-|-;0|-|-|-|-;0|-|-|-|-;0|-|-|-|-;0|-|-|-|-;0|-|-|-|-;0|-|-|-|-;0|-|-|-|-;0|-|-|-|-;0|-|-|-|-;0|-|-|-|-;0|-|-|-|-;0|-|-|-|-;0|-|-|-|-;0|-|-|-|-;0|-|-|-|-;0|-|-|-|-;0|-|-|-|-;0|-|-|-|-;0|-|-|-|-;0|-|-|-|-;0|-|-|-|-;
HLT_HRS_TO_HRU;0|-|-|-|-;0|-|-|-|-;0|-|-|-|-;0|-|-|-|-;0|-|-|-|-;0|-|-|-|-;0|-|-|-|-;0|-|-|-|-;0|-|-|-|-;0|-|-|-|-;0|-|-|-|-;0|-|-|-|-;0|-|-|-|-;0|-|-|-|-;0|-|-|-|-;0|-|-|-|-;0|-|-|-|-;0|-|-|-|-;0|-|-|-|-;0|-|-|-|-;0|-|-|-|-;0|-|-|-|-;0|-|-|-|-;0|-|-|-|-;0|-|-|-|-;0|-|-|-|-;0|-|-|-|-;0|-|-|-|-;0|-|-|-|-;0|-|-|-|-;0|-|-|-|-;0|-|-|-|-;0|-|-|-|-;0|-|-|-|-;0|-|-|-|-;0|-|-|-|-;0|-|-|-|-;0|-|-|-|-;0|-|-|-|-;0|-|-|-|-;0|-|-|-|-;0|-|-|-|-;0|-|-|-|-;0|-|-|-|-;0|-|-|-|-;0|-|-|-|-;0|-|-|-|-;0|-|-|-|-;0|-|-|-|-;0|-|-|-|-;0|-|-|-|-;0|-|-|-|-;0|-|-|-|-;0|-|-|-|-;0|-|-|-|-;0|-|-|-|-;0|-|-|-|-;0|-|-|-|-;0|-|-|-|-;0|-|-|-|-;0|-|-|-|-;0|-|-|-|-;0|-|-|-|-;0|-|-|-|-;0|-|-|-|-;0|-|-|-|-;0|-|-|-|-;0|-|-|-|-;0|-|-|-|-;0|-|-|-|-;6[0|0|0|0];6[0|0|0|0];6[0|0|0|0];7[1|0|0|0];7[0|0|0|0];7[0|0|0|0];7[0|0|0|0];7[0|0|0|0];7[0|0|0|0];7[0|0|0|0];7[0|0|0|0];7[0|0|0|0];7[0|0|0|0];7[0|0|0|0];7[0|0|0|0];
hlt_trigger_element;6[0|0|0|0];6[0|0|0|0];6[0|0|0|0];6[0|0|0|0];6[0|0|0|0];6[0|0|1|0];6[0|0|0|0];6[0|0|1|0];6[0|0|0|0];6[0|0|0|0];6[0|0|0|0];6[0|0|0|0];6[0|0|0|0];6[0|0|0|0];6[0|0|0|0];6[0|0|0|0];6[0|0|0|0];6[0|0|0|0];6[0|0|0|0];6[0|0|1|0];6[0|0|0|0];6[0|0|0|0];6[0|0|0|0];6[0|0|0|0];6[0|0|0|0];6[0|0|0|0];6[0|0|0|0];6[0|0|0|0];6[0|0|0|0];6[0|0|0|0];6[0|0|0|0];6[0|0|0|0];7[1|0|0|0];6[0|1|0|0];6[0|0|0|0];6[0|0|1|0];6[0|0|0|0];6[0|0|0|0];6[0|0|0|0];6[0|0|0|0];6[0|0|0|0];6[0|0|0|0];6[0|0|0|0];6[0|0|0|0];6[0|0|0|0];6[0|0|0|0];6[0|0|0|0];6[0|0|0|0];6[0|0|0|0];6[0|0|1|0];6[0|0|0|0];6[0|0|0|0];6[0|0|0|0];6[0|0|0|0];6[0|0|0|0];6[0|0|0|0];6[0|0|0|0];6[0|0|0|0];6[0|0|0|0];6[0|0|0|0];6[0|0|0|0];6[0|0|0|0];6[0|0|0|0];6[0|0|0|0];6[0|0|0|0];6[0|0|0|0];6[0|0|0|0];6[0|0|0|0];6[0|0|0|0];6[0|0|0|0];6[0|0|0|0];6[0|0|0|0];6[0|0|0|0];6[0|0|0|0];6[0|0|0|0];6[0|0|0|0];6[0|0|0|0];6[0|0|0|0];6[0|0|0|0];6[0|0|0|0];6[0|0|0|0];6[0|0|0|0];6[0|0|0|0];6[0|0|0|0];6[0|0|0|0];
l1_ti_to_tt;8[0|0|0|0];8[0|0|0|0];8[0|0|0|0];8[0|0|0|0];8[0|0|0|0];8[0|0|0|0];8[0|0|0|0];8[0|0|0|0];8[0|0|0|0];8[0|0|0|0];8[0|0|0|0];8[0|0|0|0];8[0|0|0|0];8[0|0|0|0];8[0|0|0|0];8[0|0|0|0];8[0|0|0|0];8[0|0|0|0];8[0|0|0|0];8[0|0|1|0];8[0|0|0|0];8[0|0|0|0];8[0|0|0|0];8[0|0|0|0];8[0|0|0|0];8[0|0|0|0];8[0|0|0|0];8[0|0|0|0];8[0|0|0|0];8[0|0|0|0];8[0|0|0|0];8[0|0|0|0];9[1|0|0|0];8[0|1|0|0];8[0|0|0|0];8[0|0|0|0];8[0|0|0|0];8[0|0|0|0];8[0|0|0|0];8[0|0|0|0];8[0|0|0|0];8[0|0|0|0];8[0|0|0|0];8[0|0|0|0];8[0|0|0|0];8[0|0|0|0];8[0|0|0|0];8[0|0|0|0];8[0|0|0|0];8[0|0|1|0];8[0|0|0|0];8[0|0|0|0];8[0|0|0|0];8[0|0|0|0];8[0|0|0|0];8[0|0|0|0];8[0|0|0|0];8[0|0|0|0];8[0|0|0|0];8[0|0|0|0];8[0|0|0|0];8[0|0|0|0];8[0|0|0|0];8[0|0|0|0];8[0|0|0|0];8[0|0|0|0];8[0|0|0|0];8[0|0|0|0];8[0|0|0|0];8[0|0|0|0];8[0|0|0|0];8[0|0|0|0];8[0|0|0|0];8[0|0|0|0];8[0|0|0|0];8[0|0|0|0];8[0|0|0|0];8[0|0|0|0];8[0|0|0|0];8[0|0|0|0];8[0|0|0|0];8[0|0|0|0];8[0|0|0|0];8[0|0|0|0];8[0|0|0|0];
HLT_RULE;0|-|-|-|-;0|-|-|-|-;0|-|-|-|-;0|-|-|-|-;0|-|-|-|-;0|-|-|-|-;0|-|-|-|-;0|-|-|-|-;0|-|-|-|-;0|-|-|-|-;0|-|-|-|-;0|-|-|-|-;0|-|-|-|-;0|-|-|-|-;0|-|-|-|-;0|-|-|-|-;0|-|-|-|-;0|-|-|-|-;0|-|-|-|-;0|-|-|-|-;0|-|-|-|-;0|-|-|-|-;0|-|-|-|-;0|-|-|-|-;0|-|-|-|-;0|-|-|-|-;0|-|-|-|-;0|-|-|-|-;0|-|-|-|-;0|-|-|-|-;0|-|-|-|-;0|-|-|-|-;0|-|-|-|-;0|-|-|-|-;0|-|-|-|-;0|-|-|-|-;0|-|-|-|-;0|-|-|-|-;0|-|-|-|-;0|-|-|-|-;0|-|-|-|-;0|-|-|-|-;0|-|-|-|-;0|-|-|-|-;0|-|-|-|-;0|-|-|-|-;0|-|-|-|-;0|-|-|-|-;0|-|-|-|-;0|-|-|-|-;0|-|-|-|-;0|-|-|-|-;0|-|-|-|-;0|-|-|-|-;0|-|-|-|-;0|-|-|-|-;0|-|-|-|-;0|-|-|-|-;0|-|-|-|-;0|-|-|-|-;0|-|-|-|-;0|-|-|-|-;0|-|-|-|-;0|-|-|-|-;0|-|-|-|-;0|-|-|-|-;0|-|-|-|-;0|-|-|-|-;0|-|-|-|-;0|-|-|-|-;7[0|0|0|0];7[0|0|0|0];7[0|0|0|0];7[0|0|0|0];7[0|0|0|0];7[0|0|0|0];7[0|0|0|0];7[0|0|0|0];7[0|0|0|0];7[0|0|0|0];7[0|0|0|0];7[0|0|0|0];7[0|0|0|0];7[0|0|0|0];7[0|0|0|0];
l1_bg_to_b;6[0|0|0|0];6[0|0|0|0];6[0|0|0|0];6[0|0|0|0];6[0|0|0|0];6[0|0|0|0];6[0|0|0|0];6[0|0|0|0];6[0|0|0|0];6[0|0|0|0];6[0|0|0|0];6[0|0|0|0];6[0|0|0|0];6[0|0|0|0];6[0|0|0|0];6[0|0|0|0];6[0|0|0|0];6[0|0|0|0];6[0|0|0|0];6[0|0|1|0];6[0|0|0|0];6[0|0|0|0];6[0|0|0|0];6[0|0|0|0];6[0|0|0|0];6[0|0|0|0];6[0|0|0|0];6[0|0|0|0];6[0|0|0|0];6[0|0|0|0];6[0|0|0|0];6[0|0|0|0];7[1|0|0|0];6[0|1|0|0];6[0|0|0|0];6[0|0|0|0];6[0|0|0|0];6[0|0|0|0];6[0|0|0|0];6[0|0|0|0];6[0|0|0|0];6[0|0|0|0];6[0|0|0|0];6[0|0|0|0];6[0|0|0|0];6[0|0|0|0];6[0|0|0|0];6[0|0|0|0];6[0|0|0|0];6[0|0|1|0];6[0|0|0|0];6[0|0|0|0];6[0|0|0|0];6[0|0|0|0];6[0|0|0|0];6[0|0|0|0];6[0|0|0|0];6[0|0|0|0];6[0|0|0|0];6[0|0|0|0];6[0|0|0|0];6[0|0|0|0];6[0|0|0|0];6[0|0|0|0];6[0|0|0|0];6[0|0|0|0];6[0|0|0|0];6[0|0|0|0];6[0|0|0|0];6[0|0|0|0];6[0|0|0|0];6[0|0|0|0];6[0|0|0|0];6[0|0|0|0];6[0|0|0|0];6[0|0|0|0];6[0|0|0|0];6[0|0|0|0];6[0|0|0|0];6[0|0|0|0];6[0|0|0|0];6[0|0|0|0];6[0|0|0|0];6[0|0|0|0];6[0|0|0|0];
hlt_trigger_type;0|-|-|-|-;0|-|-|-|-;0|-|-|-|-;0|-|-|-|-;0|-|-|-|-;0|-|-|-|-;0|-|-|-|-;0|-|-|-|-;0|-|-|-|-;0|-|-|-|-;0|-|-|-|-;0|-|-|-|-;0|-|-|-|-;0|-|-|-|-;0|-|-|-|-;0|-|-|-|-;0|-|-|-|-;6[0|0|0|0];6[0|0|0|0];6[0|0|1|0];6[0|0|0|0];6[0|0|0|0];6[0|0|0|0];6[0|0|0|0];6[0|0|0|0];6[0|0|0|0];6[0|0|0|0];6[0|0|0|0];6[0|0|0|0];6[0|0|0|0];6[0|0|0|0];6[0|0|0|0];7[1|0|0|0];6[0|1|0|0];6[0|0|0|0];6[0|0|0|0];6[0|0|0|0];6[0|0|0|0];6[0|0|0|0];6[0|0|0|0];6[0|0|0|0];6[0|0|0|0];6[0|0|0|0];6[0|0|0|0];6[0|0|0|0];6[0|0|0|0];6[0|0|0|0];6[0|0|0|0];6[0|0|0|0];6[0|0|1|0];6[0|0|0|0];6[0|0|0|0];6[0|0|0|0];6[6|6|0|0];6[6|6|0|0];6[0|0|0|0];6[0|0|0|0];6[0|0|0|0];6[0|0|0|0];6[0|0|0|0];6[0|0|0|0];6[0|0|0|0];6[0|0|0|0];6[0|0|0|0];6[0|0|0|0];6[0|0|0|0];6[0|0|0|0];6[0|0|0|0];6[0|0|0|0];6[0|0|0|0];6[0|0|0|0];6[0|0|0|0];6[0|0|0|0];6[0|0|0|0];6[0|0|0|0];6[0|0|0|0];6[0|0|0|0];6[0|0|0|0];6[0|0|0|0];6[0|0|0|0];6[0|0|0|0];6[0|0|0|0];6[0|0|0|0];6[0|0|0|0];6[0|0|0|0];
HLT_RULE_COMPONENT;0|-|-|-|-;0|-|-|-|-;0|-|-|-|-;0|-|-|-|-;0|-|-|-|-;0|-|-|-|-;0|-|-|-|-;0|-|-|-|-;0|-|-|-|-;0|-|-|-|-;0|-|-|-|-;0|-|-|-|-;0|-|-|-|-;0|-|-|-|-;0|-|-|-|-;0|-|-|-|-;0|-|-|-|-;0|-|-|-|-;0|-|-|-|-;0|-|-|-|-;0|-|-|-|-;0|-|-|-|-;0|-|-|-|-;0|-|-|-|-;0|-|-|-|-;0|-|-|-|-;0|-|-|-|-;0|-|-|-|-;0|-|-|-|-;0|-|-|-|-;0|-|-|-|-;0|-|-|-|-;0|-|-|-|-;0|-|-|-|-;0|-|-|-|-;0|-|-|-|-;0|-|-|-|-;0|-|-|-|-;0|-|-|-|-;0|-|-|-|-;0|-|-|-|-;0|-|-|-|-;0|-|-|-|-;0|-|-|-|-;0|-|-|-|-;0|-|-|-|-;0|-|-|-|-;0|-|-|-|-;0|-|-|-|-;0|-|-|-|-;0|-|-|-|-;0|-|-|-|-;0|-|-|-|-;0|-|-|-|-;0|-|-|-|-;0|-|-|-|-;0|-|-|-|-;0|-|-|-|-;0|-|-|-|-;0|-|-|-|-;0|-|-|-|-;0|-|-|-|-;0|-|-|-|-;0|-|-|-|-;0|-|-|-|-;0|-|-|-|-;0|-|-|-|-;0|-|-|-|-;0|-|-|-|-;0|-|-|-|-;8[0|0|0|0];8[0|0|0|0];8[0|0|0|0];10[2|0|0|0];10[0|0|0|0];10[0|0|0|0];10[0|0|0|0];10[0|0|0|0];10[0|0|0|0];10[0|0|0|0];10[0|0|0|0];10[0|0|0|0];10[0|0|0|0];10[0|0|0|0];10[0|0|0|0];
hlt_te_to_te;6[0|0|0|0];6[0|0|0|0];6[0|0|0|0];6[0|0|0|0];6[0|0|0|0];6[0|0|0|0];6[0|0|0|0];6[0|0|0|0];6[0|0|0|0];6[0|0|0|0];6[0|0|0|0];6[0|0|0|0];6[0|0|0|0];6[0|0|0|0];6[0|0|0|0];6[0|0|0|0];6[0|0|0|0];7[1|0|0|0];7[0|0|0|0];7[0|0|1|0];7[0|0|0|0];7[0|0|0|0];7[0|0|0|0];7[0|0|0|0];7[0|0|0|0];7[0|0|0|0];7[0|0|0|0];7[0|0|0|0];7[0|0|0|0];7[0|0|0|0];7[0|0|0|0];7[0|0|0|0];8[1|0|0|0];7[0|1|0|0];7[0|0|0|0];8[4|3|0|0];8[0|0|0|0];8[0|0|0|0];8[0|0|0|0];8[0|0|0|0];8[0|0|0|0];8[0|0|0|0];8[0|0|0|0];8[0|0|0|0];8[0|0|0|0];8[0|0|0|0];8[0|0|0|0];8[0|0|1|0];8[0|0|0|0];8[0|0|1|0];8[0|0|0|0];8[0|0|0|0];8[0|0|0|0];8[0|0|0|0];8[0|0|0|0];8[0|0|0|0];8[0|0|0|0];8[0|0|0|0];8[0|0|0|0];8[0|0|0|0];8[0|0|0|0];8[0|0|0|0];8[0|0|0|0];8[0|0|0|0];8[0|0|0|0];8[0|0|0|0];8[0|0|0|0];8[0|0|0|0];8[0|0|0|0];8[0|0|0|0];8[0|0|0|0];8[0|0|0|0];8[0|0|0|0];8[0|0|0|0];8[0|0|0|0];8[0|0|0|0];8[0|0|0|0];8[0|0|0|0];8[0|0|0|0];8[0|0|0|0];8[0|0|0|0];8[0|0|0|0];8[0|0|0|0];8[0|0|0|0];8[0|0|0|0];
l1_muctpi_info;9[0|0|0|0];9[0|0|0|0];9[0|0|0|0];9[0|0|0|0];9[0|0|0|0];9[0|0|0|0];9[0|0|0|0];9[0|0|0|0];9[0|0|0|0];9[0|0|0|0];9[0|0|0|0];9[0|0|0|0];9[0|0|0|0];9[0|0|0|0];9[0|0|1|0];9[0|0|0|0];9[0|0|0|0];9[0|0|0|0];9[0|0|0|0];9[0|0|1|0];9[0|0|0|0];9[0|0|0|0];9[0|0|0|0];9[0|0|0|0];9[0|0|0|0];9[0|0|0|0];9[0|0|0|0];9[0|0|0|0];9[0|0|0|0];9[0|0|0|0];9[0|0|0|0];9[0|0|0|0];10[1|0|0|0];9[0|1|0|0];9[0|0|0|0];9[0|0|0|0];9[0|0|0|0];9[0|0|0|0];9[0|0|0|0];9[0|0|0|0];9[0|0|0|0];9[0|0|0|0];9[0|0|0|0];9[0|0|0|0];9[0|0|0|0];9[0|0|0|0];9[0|0|0|0];9[0|0|0|0];9[0|0|0|0];9[0|0|2|0];9[0|0|0|0];9[0|0|0|0];9[0|0|0|0];9[0|0|0|0];9[0|0|0|0];9[0|0|0|0];9[0|0|0|0];9[0|0|0|0];9[0|0|0|0];9[0|0|0|0];9[0|0|0|0];9[0|0|0|0];9[0|0|0|0];9[0|0|0|0];9[0|0|0|0];9[0|0|0|0];9[0|0|0|0];9[0|0|0|0];9[0|0|0|0];9[0|0|0|0];9[0|0|0|0];9[0|0|0|0];9[0|0|0|0];9[0|0|0|0];9[0|0|0|0];9[0|0|0|0];9[0|0|0|0];9[0|0|0|0];9[0|0|0|0];9[0|0|0|0];9[0|0|0|0];9[0|0|0|0];9[0|0|0|0];9[0|0|0|0];9[0|0|0|0];
l1_calo_info;19[0|0|0|0];19[0|0|0|0];19[0|0|0|0];19[0|0|0|0];19[0|0|0|0];19[0|0|0|0];19[0|0|0|0];19[0|0|0|0];19[0|0|0|0];19[0|0|0|0];19[0|0|0|0];19[0|0|0|0];19[0|0|0|0];19[0|0|0|0];19[0|0|1|0];19[0|0|0|0];19[0|0|0|0];19[0|0|0|0];19[0|0|0|0];19[0|0|1|0];19[0|0|0|0];19[0|0|0|0];19[0|0|0|0];19[0|0|0|0];19[0|0|0|0];19[0|0|0|0];19[0|0|1|0];19[0|0|1|0];19[0|0|0|0];19[0|0|0|0];19[0|0|0|0];19[0|0|0|0];20[1|0|0|0];19[0|1|0|0];19[0|0|0|0];19[0|0|0|0];19[0|0|0|0];19[0|0|0|0];19[0|0|0|0];19[0|0|0|0];19[0|0|0|0];19[0|0|0|0];19[0|0|0|0];19[0|0|0|0];19[0|0|0|0];19[0|0|0|0];19[0|0|0|0];19[0|0|0|0];19[0|0|0|0];19[0|0|2|0];19[0|0|0|0];19[0|0|0|0];19[0|0|0|0];19[0|0|0|0];19[0|0|0|0];19[0|0|0|0];19[0|0|0|0];19[0|0|0|0];19[0|0|0|0];19[0|0|0|0];19[0|0|0|0];19[0|0|0|0];19[0|0|0|0];19[0|0|0|0];19[0|0|0|0];19[0|0|0|0];19[0|0|0|0];19[0|0|1|0];19[0|0|0|0];19[0|0|0|0];19[0|0|0|0];19[0|0|0|0];19[0|0|0|0];19[0|0|0|0];19[0|0|0|0];19[0|0|0|0];19[0|0|0|0];19[0|0|0|0];19[0|0|0|0];19[0|0|0|0];19[0|0|0|0];19[0|0|0|0];19[0|0|0|0];19[0|0|0|0];19[0|0|0|0];
l1_ci_to_csc;6[0|0|0|0];6[0|0|0|0];6[0|0|0|0];6[0|0|0|0];6[0|0|0|0];6[0|0|0|0];6[0|0|0|0];6[0|0|0|0];6[0|0|0|0];6[0|0|0|0];6[0|0|0|0];6[0|0|0|0];6[0|0|0|0];6[0|0|0|0];6[0|0|0|0];6[0|0|0|0];6[0|0|0|0];6[0|0|0|0];6[0|0|0|0];6[0|0|1|0];6[0|0|0|0];6[0|0|0|0];6[0|0|0|0];6[0|0|0|0];6[0|0|0|0];6[0|0|0|0];6[0|0|0|0];6[0|0|0|0];6[0|0|0|0];6[0|0|0|0];6[0|0|0|0];6[0|0|0|0];7[1|0|0|0];6[0|1|0|0];6[0|0|0|0];6[0|0|0|0];6[0|0|0|0];6[0|0|0|0];6[0|0|0|0];6[0|0|0|0];6[0|0|0|0];6[0|0|0|0];6[0|0|0|0];6[0|0|0|0];6[0|0|0|0];6[0|0|0|0];6[0|0|0|0];6[0|0|0|0];6[0|0|0|0];6[0|0|1|0];6[0|0|0|0];6[0|0|0|0];6[0|0|0|0];6[0|0|0|0];6[0|0|0|0];6[0|0|0|0];6[0|0|0|0];6[0|0|0|0];6[0|0|0|0];6[0|0|0|0];6[0|0|0|0];6[0|0|0|0];6[0|0|0|0];6[0|0|0|0];6[0|0|0|0];6[0|0|0|0];6[0|0|0|0];6[0|0|0|0];6[0|0|0|0];6[0|0|0|0];6[0|0|0|0];6[0|0|0|0];6[0|0|0|0];6[0|0|0|0];6[0|0|0|0];6[0|0|0|0];6[0|0|0|0];6[0|0|0|0];6[0|0|0|0];6[0|0|0|0];6[0|0|0|0];6[0|0|0|0];6[0|0|0|0];6[0|0|0|0];6[0|0|0|0];
hlt_parameter;7[0|0|0|0];7[0|0|0|0];7[0|0|0|0];7[0|0|0|0];7[0|0|0|0];7[0|0|0|0];7[0|0|0|0];7[0|0|0|0];7[0|0|0|0];7[0|0|0|0];7[0|0|0|0];7[0|0|0|0];7[0|0|0|0];7[0|0|1|0];7[0|0|1|0];7[0|0|1|0];7[0|0|0|0];7[0|0|0|0];7[0|0|0|0];7[0|0|1|0];7[0|0|0|0];7[0|0|0|0];7[0|0|1|0];7[0|0|0|0];7[0|0|0|0];7[0|0|0|0];7[0|0|0|0];7[0|0|0|0];7[0|0|0|0];7[0|0|0|0];7[0|0|0|0];7[0|0|0|0];8[1|0|0|0];7[0|1|0|0];7[0|0|0|0];7[0|0|0|0];7[0|0|0|0];7[0|0|0|0];7[0|0|0|0];7[0|0|1|0];7[0|0|1|0];7[0|0|0|0];7[0|0|0|0];7[0|0|0|0];7[0|0|0|0];7[0|0|0|0];7[0|0|0|0];7[0|0|0|0];7[0|0|0|0];7[0|0|1|0];7[0|0|0|0];7[0|0|0|0];7[0|0|0|0];7[0|0|0|0];7[0|0|0|0];7[0|0|0|0];7[0|0|0|0];7[0|0|0|0];7[0|0|0|0];7[0|0|0|0];7[0|0|0|0];7[0|0|0|0];7[0|0|0|0];7[0|0|0|0];7[0|0|0|0];7[0|0|0|0];7[0|0|0|0];7[0|0|0|0];7[0|0|0|0];7[0|0|0|0];7[0|0|0|0];8[1|0|0|0];8[0|0|0|0];8[0|0|0|0];8[0|0|0|0];8[0|0|0|0];8[0|0|0|0];8[0|0|0|0];8[0|0|0|0];8[0|0|0|0];8[0|0|0|0];8[0|0|0|0];8[0|0|0|0];8[0|0|0|0];8[0|0|0|0];
l1_trigger_item;9[0|0|0|0];9[0|0|0|0];9[0|0|0|0];9[0|0|0|0];9[0|0|0|0];9[0|0|0|0];9[0|0|0|0];9[0|0|0|0];9[0|0|0|0];9[0|0|0|0];9[0|0|0|0];9[0|0|0|0];9[0|0|0|0];9[0|0|0|0];9[0|0|1|0];9[0|0|0|0];9[0|0|0|0];9[0|0|0|0];9[0|0|0|0];9[0|0|1|0];9[0|0|0|0];9[0|0|0|0];9[0|0|0|0];10[1|0|0|0];10[0|0|0|0];10[0|0|0|0];11[1|0|0|0];11[0|0|0|0];11[0|0|0|0];11[0|0|0|0];11[0|0|0|0];12[1|0|0|0];13[1|0|0|0];12[0|1|0|0];12[0|0|0|0];12[0|0|0|0];12[0|0|0|0];12[0|0|0|0];12[0|0|0|0];12[0|0|0|0];12[0|0|0|0];12[0|0|0|0];12[0|0|0|0];12[0|0|0|0];12[0|0|0|0];12[0|0|0|0];12[0|0|0|0];12[0|0|0|0];12[0|0|1|0];12[0|0|1|0];12[0|0|0|0];12[0|0|0|0];12[0|0|0|0];12[0|0|0|0];12[0|0|0|0];12[0|0|0|0];12[0|0|0|0];12[0|0|0|0];12[0|0|0|0];12[0|0|0|0];12[0|0|0|0];12[0|0|0|0];12[0|0|0|0];12[0|0|0|0];12[0|0|0|0];12[0|0|0|0];12[0|0|0|0];12[0|0|0|0];12[0|0|0|0];12[0|0|0|0];12[0|0|0|0];12[0|0|0|0];12[0|0|0|0];12[0|0|0|0];12[0|0|0|0];12[0|0|0|0];12[0|0|0|0];12[0|0|0|0];12[0|0|0|0];12[0|0|0|0];12[0|0|0|0];12[0|0|0|0];12[0|0|0|0];12[0|0|0|0];12[0|0|0|0];
trigger_alias;0|-|-|-|-;0|-|-|-|-;0|-|-|-|-;0|-|-|-|-;0|-|-|-|-;0|-|-|-|-;0|-|-|-|-;0|-|-|-|-;0|-|-|-|-;0|-|-|-|-;0|-|-|-|-;0|-|-|-|-;0|-|-|-|-;0|-|-|-|-;0|-|-|-|-;0|-|-|-|-;0|-|-|-|-;0|-|-|-|-;0|-|-|-|-;0|-|-|-|-;0|-|-|-|-;0|-|-|-|-;0|-|-|-|-;0|-|-|-|-;0|-|-|-|-;0|-|-|-|-;0|-|-|-|-;0|-|-|-|-;8[0|0|0|0];6[0|2|0|0];7[1|0|0|0];7[0|0|0|0];8[1|0|0|0];7[0|1|0|0];7[0|0|0|0];7[0|0|0|0];7[0|0|0|0];7[0|0|0|0];7[0|0|0|0];7[0|0|0|0];7[0|0|0|0];7[0|0|0|0];7[0|0|0|0];7[0|0|0|0];7[0|0|0|0];7[0|0|0|0];7[0|0|0|0];7[0|0|0|0];7[0|0|0|0];7[0|0|2|0];7[0|0|0|0];7[0|0|0|0];7[0|0|0|0];7[0|0|0|0];7[0|0|0|0];7[0|0|0|0];7[0|0|0|0];7[0|0|0|0];7[0|0|0|0];7[0|0|0|0];7[0|0|0|0];7[0|0|0|0];7[0|0|0|0];7[0|0|0|0];7[0|0|0|0];7[0|0|0|0];7[0|0|0|0];7[0|0|0|0];7[0|0|0|0];7[0|0|0|0];7[0|0|0|0];7[0|0|0|0];7[0|0|0|0];7[0|0|0|0];7[0|0|0|0];7[0|0|0|0];7[0|0|0|0];7[0|0|0|0];7[0|0|1|0];7[0|0|0|0];7[0|0|0|0];7[0|0|0|0];7[0|0|0|0];7[0|0|0|0];7[0|0|0|0];
l1_calo_sin_cos;18[0|0|0|0];18[0|0|0|0];18[0|0|0|0];18[0|0|0|0];18[0|0|0|0];18[0|0|0|0];18[0|0|0|0];18[0|0|0|0];18[0|0|0|0];18[0|0|0|0];18[0|0|0|0];18[0|0|0|0];18[0|0|0|0];18[0|0|0|0];18[0|0|1|0];18[0|0|0|0];18[0|0|0|0];18[0|0|0|0];18[0|0|0|0];18[0|0|1|0];18[0|0|0|0];18[0|0|0|0];18[0|0|0|0];18[0|0|0|0];18[0|0|0|0];18[0|0|0|0];18[0|0|0|0];18[0|0|0|0];18[0|0|0|0];18[0|0|0|0];18[0|0|0|0];18[0|0|0|0];19[1|0|0|0];18[0|1|0|0];18[0|0|0|0];18[0|0|0|0];18[0|0|0|0];18[0|0|0|0];18[0|0|0|0];18[0|0|0|0];18[0|0|0|0];18[0|0|0|0];18[0|0|0|0];18[0|0|0|0];18[0|0|0|0];18[0|0|0|0];18[0|0|0|0];18[0|0|0|0];18[0|0|0|0];18[0|0|2|0];18[0|0|0|0];18[0|0|0|0];18[0|0|0|0];18[0|0|0|0];18[0|0|0|0];18[0|0|0|0];18[0|0|0|0];18[0|0|0|0];18[0|0|0|0];18[0|0|0|0];18[0|0|0|0];18[0|0|0|0];18[0|0|0|0];18[0|0|0|0];18[0|0|0|0];18[0|0|0|0];18[0|0|0|0];18[0|0|0|0];18[0|0|0|0];18[0|0|0|0];18[0|0|0|0];18[0|0|0|0];18[0|0|0|0];18[0|0|0|0];18[0|0|0|0];18[0|0|0|0];18[0|0|0|0];18[0|0|0|0];18[0|0|0|0];18[0|0|0|0];18[0|0|0|0];18[0|0|0|0];18[0|0|0|0];18[0|0|0|0];18[0|0|0|0];
l1_trigger_menu;11[0|0|0|0];11[0|0|0|0];11[0|0|0|0];11[0|0|0|0];11[0|0|0|0];11[0|0|0|0];11[0|0|0|0];11[0|0|0|0];11[0|0|0|0];11[0|0|0|0];11[0|0|0|0];11[0|0|0|0];11[0|0|0|0];11[0|0|0|0];11[0|0|1|0];11[0|0|0|0];11[0|0|0|0];11[0|0|0|0];11[0|0|0|0];11[0|0|1|0];11[0|0|0|0];11[0|0|0|0];11[0|0|0|0];11[0|0|0|0];11[0|0|0|0];11[0|0|0|0];11[0|0|0|0];11[0|0|0|0];11[0|0|0|0];11[0|0|0|0];11[0|0|0|0];11[0|0|0|0];12[1|0|0|0];10[0|2|0|0];10[0|0|0|0];10[0|0|0|0];10[0|0|0|0];10[0|0|0|0];10[0|0|0|0];10[0|0|0|0];10[0|0|0|0];10[0|0|0|0];10[0|0|0|0];10[0|0|0|0];10[0|0|0|0];10[0|0|0|0];10[0|0|0|0];10[0|0|0|0];10[0|0|0|0];10[0|0|3|0];10[0|0|0|0];10[0|0|0|0];10[0|0|0|0];10[0|0|0|0];10[0|0|0|0];10[0|0|0|0];10[0|0|0|0];10[0|0|0|0];10[0|0|0|0];10[0|0|0|0];10[0|0|0|0];10[0|0|0|0];10[0|0|0|0];10[0|0|0|0];10[0|0|0|0];10[0|0|0|0];10[0|0|0|0];10[0|0|0|0];10[0|0|0|0];10[0|0|0|0];10[0|0|0|0];10[0|0|0|0];10[0|0|0|0];10[0|0|0|0];10[0|0|0|0];10[0|0|0|0];10[0|0|0|0];10[0|0|0|0];10[0|0|1|0];10[0|0|0|0];10[0|0|0|0];10[0|0|0|0];10[0|0|0|0];10[0|0|0|0];10[0|0|0|0];
HLT_SMT_TO_HRE;0|-|-|-|-;0|-|-|-|-;0|-|-|-|-;0|-|-|-|-;0|-|-|-|-;0|-|-|-|-;0|-|-|-|-;0|-|-|-|-;0|-|-|-|-;0|-|-|-|-;0|-|-|-|-;0|-|-|-|-;0|-|-|-|-;0|-|-|-|-;0|-|-|-|-;0|-|-|-|-;0|-|-|-|-;0|-|-|-|-;0|-|-|-|-;0|-|-|-|-;0|-|-|-|-;0|-|-|-|-;0|-|-|-|-;0|-|-|-|-;0|-|-|-|-;0|-|-|-|-;0|-|-|-|-;0|-|-|-|-;0|-|-|-|-;0|-|-|-|-;0|-|-|-|-;0|-|-|-|-;0|-|-|-|-;0|-|-|-|-;0|-|-|-|-;0|-|-|-|-;0|-|-|-|-;0|-|-|-|-;0|-|-|-|-;0|-|-|-|-;0|-|-|-|-;0|-|-|-|-;0|-|-|-|-;0|-|-|-|-;0|-|-|-|-;0|-|-|-|-;0|-|-|-|-;0|-|-|-|-;0|-|-|-|-;0|-|-|-|-;0|-|-|-|-;0|-|-|-|-;0|-|-|-|-;0|-|-|-|-;0|-|-|-|-;0|-|-|-|-;0|-|-|-|-;0|-|-|-|-;0|-|-|-|-;0|-|-|-|-;0|-|-|-|-;0|-|-|-|-;0|-|-|-|-;0|-|-|-|-;0|-|-|-|-;0|-|-|-|-;0|-|-|-|-;0|-|-|-|-;0|-|-|-|-;0|-|-|-|-;0|-|-|-|-;0|-|-|-|-;0|-|-|-|-;0|-|-|-|-;0|-|-|-|-;0|-|-|-|-;0|-|-|-|-;6[0|0|0|0];6[0|0|0|0];6[0|0|0|0];6[0|0|0|0];6[0|0|0|0];6[0|0|0|0];6[0|0|0|0];6[0|0|0|0];
l1_ctp_smx;13[0|0|0|0];13[0|0|0|0];13[0|0|0|0];13[0|0|0|0];13[0|0|0|0];13[0|0|0|0];13[0|0|0|0];13[0|0|0|0];13[0|0|0|0];13[0|0|0|0];13[0|0|0|0];13[0|0|0|0];13[0|0|0|0];13[0|0|0|0];13[0|0|1|0];13[0|0|0|0];13[0|0|0|0];13[0|0|0|0];13[0|0|0|0];13[0|0|1|0];13[0|0|0|0];13[0|0|0|0];13[0|0|0|0];13[0|0|0|0];13[0|0|0|0];13[0|0|0|0];13[0|0|0|0];13[0|0|0|0];13[0|0|0|0];13[0|0|0|0];13[0|0|0|0];13[0|0|0|0];14[1|0|0|0];13[0|1|0|0];13[0|0|0|0];13[0|0|0|0];13[0|0|0|0];13[0|0|0|0];13[0|0|0|0];13[0|0|0|0];13[0|0|0|0];13[0|0|0|0];13[0|0|0|0];13[0|0|0|0];13[0|0|0|0];13[0|0|0|0];13[0|0|0|0];13[0|0|0|0];13[0|0|0|0];13[0|0|2|0];13[0|0|0|0];13[3|3|0|0];13[0|0|0|0];13[0|0|0|0];13[0|0|0|0];13[0|0|0|0];13[0|0|0|0];13[0|0|0|0];13[0|0|0|0];13[0|0|0|0];13[0|0|0|0];13[0|0|0|0];13[0|0|0|0];13[0|0|0|0];13[0|0|0|0];13[0|0|0|0];13[0|0|0|0];13[0|0|0|0];13[0|0|0|0];13[0|0|0|0];13[0|0|0|0];13[0|0|0|0];13[0|0|0|0];13[0|0|0|0];13[0|0|0|0];13[0|0|0|0];13[0|0|0|0];13[0|0|0|0];13[0|0|0|0];13[0|0|0|0];13[0|0|0|0];13[0|0|0|0];13[0|0|0|0];13[0|0|0|0];13[0|0|0|0];
l1_random;8[0|0|0|0];8[0|0|0|0];8[0|0|0|0];8[0|0|0|0];8[0|0|0|0];8[0|0|0|0];8[0|0|0|0];8[0|0|0|0];8[0|0|0|0];8[0|0|0|0];8[0|0|0|0];8[0|0|0|0];8[0|0|0|0];8[0|0|0|0];8[0|0|1|0];8[0|0|0|0];8[0|0|0|0];8[0|0|0|0];8[0|0|0|0];8[0|0|1|0];8[0|0|0|0];8[0|0|0|0];8[0|0|0|0];8[0|0|0|0];8[0|0|0|0];8[0|0|0|0];8[0|0|0|0];8[0|0|0|0];8[0|0|0|0];8[0|0|0|0];8[0|0|0|0];8[0|0|0|0];9[1|0|0|0];10[2|1|0|0];12[2|0|0|0];12[0|0|0|0];12[0|0|0|0];12[0|0|0|0];12[0|0|0|0];12[0|0|0|0];12[0|0|0|0];12[0|0|0|0];12[0|0|0|0];12[0|0|0|0];12[0|0|0|0];12[0|0|0|0];12[0|0|0|0];12[0|0|0|0];12[0|0|0|0];12[0|0|2|0];12[0|0|0|0];12[0|0|0|0];12[0|0|0|0];12[0|0|0|0];12[0|0|0|0];12[0|0|0|0];12[0|0|0|0];12[0|0|0|0];12[0|0|0|0];12[0|0|0|0];12[0|0|0|0];12[0|0|0|0];12[0|0|0|0];12[0|0|0|0];12[0|0|0|0];12[0|0|0|0];12[0|0|0|0];12[0|0|0|0];12[0|0|0|0];12[0|0|0|0];12[0|0|0|0];12[0|0|0|0];12[0|0|0|0];12[0|0|0|0];12[0|0|0|0];12[0|0|0|0];12[0|0|0|0];12[0|0|0|0];12[0|0|2|0];12[0|0|0|0];12[0|0|0|0];12[0|0|0|0];12[0|0|0|0];12[0|0|0|0];12[0|0|0|0];
hlt_prescale_set_coll;0|-|-|-|-;0|-|-|-|-;0|-|-|-|-;0|-|-|-|-;0|-|-|-|-;0|-|-|-|-;0|-|-|-|-;0|-|-|-|-;0|-|-|-|-;0|-|-|-|-;0|-|-|-|-;0|-|-|-|-;0|-|-|-|-;0|-|-|-|-;0|-|-|-|-;0|-|-|-|-;0|-|-|-|-;0|-|-|-|-;0|-|-|-|-;0|-|-|-|-;0|-|-|-|-;0|-|-|-|-;0|-|-|-|-;0|-|-|-|-;0|-|-|-|-;0|-|-|-|-;0|-|-|-|-;0|-|-|-|-;0|-|-|-|-;0|-|-|-|-;0|-|-|-|-;0|-|-|-|-;0|-|-|-|-;0|-|-|-|-;0|-|-|-|-;0|-|-|-|-;0|-|-|-|-;0|-|-|-|-;0|-|-|-|-;0|-|-|-|-;0|-|-|-|-;0|-|-|-|-;0|-|-|-|-;0|-|-|-|-;0|-|-|-|-;0|-|-|-|-;0|-|-|-|-;0|-|-|-|-;0|-|-|-|-;0|-|-|-|-;0|-|-|-|-;0|-|-|-|-;0|-|-|-|-;0|-|-|-|-;0|-|-|-|-;0|-|-|-|-;0|-|-|-|-;0|-|-|-|-;0|-|-|-|-;0|-|-|-|-;0|-|-|-|-;0|-|-|-|-;0|-|-|-|-;0|-|-|-|-;0|-|-|-|-;0|-|-|-|-;0|-|-|-|-;0|-|-|-|-;0|-|-|-|-;0|-|-|-|-;0|-|-|-|-;0|-|-|-|-;0|-|-|-|-;0|-|-|-|-;0|-|-|-|-;0|-|-|-|-;0|-|-|-|-;0|-|-|-|-;0|-|-|-|-;0|-|-|-|-;0|-|-|-|-;0|-|-|-|-;0|-|-|-|-;3[0|0|0|0];4[1|0|0|0];
l1_pits;0|-|-|-|-;0|-|-|-|-;0|-|-|-|-;0|-|-|-|-;0|-|-|-|-;0|-|-|-|-;0|-|-|-|-;0|-|-|-|-;0|-|-|-|-;0|-|-|-|-;0|-|-|-|-;0|-|-|-|-;0|-|-|-|-;0|-|-|-|-;0|-|-|-|-;0|-|-|-|-;0|-|-|-|-;0|-|-|-|-;0|-|-|-|-;0|-|-|-|-;0|-|-|-|-;0|-|-|-|-;0|-|-|-|-;0|-|-|-|-;0|-|-|-|-;0|-|-|-|-;0|-|-|-|-;0|-|-|-|-;0|-|-|-|-;0|-|-|-|-;0|-|-|-|-;0|-|-|-|-;0|-|-|-|-;0|-|-|-|-;0|-|-|-|-;0|-|-|-|-;0|-|-|-|-;0|-|-|-|-;0|-|-|-|-;0|-|-|-|-;7[0|0|0|0];7[0|0|0|0];7[0|0|0|0];7[0|0|0|0];7[0|0|0|0];7[0|0|0|0];7[0|0|0|0];7[0|0|0|0];7[0|0|0|0];7[0|0|1|0];7[0|0|0|0];7[0|0|0|0];7[0|0|0|0];7[0|0|0|0];7[0|0|0|0];7[0|0|0|0];7[0|0|0|0];7[0|0|0|0];7[0|0|0|0];7[0|0|0|0];7[0|0|0|0];7[0|0|0|0];7[0|0|0|0];7[0|0|0|0];7[0|0|0|0];7[0|0|0|0];7[0|0|0|0];7[0|0|0|0];7[0|0|0|0];7[0|0|0|0];7[0|0|0|0];7[0|0|0|0];7[0|0|0|0];7[0|0|0|0];7[0|0|0|0];7[0|0|0|0];7[0|0|0|0];7[0|0|0|0];7[0|0|0|0];7[0|0|0|0];7[0|0|0|0];7[0|0|0|0];7[0|0|0|0];7[0|0|0|0];7[0|0|0|0];
l1_dead_time;11[0|0|0|0];11[0|0|0|0];11[0|0|0|0];11[0|0|0|0];11[0|0|0|0];11[0|0|0|0];11[0|0|0|0];11[0|0|0|0];11[0|0|0|0];11[0|0|0|0];11[0|0|0|0];11[0|0|0|0];11[0|0|0|0];11[0|0|0|0];11[0|0|1|0];11[0|0|0|0];11[0|0|0|0];11[0|0|0|0];11[0|0|0|0];11[0|0|1|0];11[0|0|0|0];11[0|0|0|0];11[0|0|0|0];11[0|0|0|0];11[0|0|0|0];11[0|0|0|0];11[0|0|0|0];11[0|0|0|0];11[0|0|0|0];11[0|0|0|0];11[0|0|0|0];11[0|0|0|0];12[1|0|0|0];11[0|1|0|0];11[0|0|0|0];11[0|0|0|0];11[0|0|0|0];11[0|0|0|0];11[0|0|0|0];11[0|0|0|0];11[0|0|0|0];11[0|0|0|0];11[0|0|0|0];11[0|0|0|0];11[0|0|0|0];11[0|0|0|0];11[0|0|0|0];11[0|0|0|0];11[0|0|0|0];11[0|0|2|0];11[0|0|0|0];11[0|0|0|0];11[0|0|0|0];11[0|0|0|0];11[0|0|0|0];11[0|0|0|0];11[0|0|0|0];11[0|0|0|0];11[0|0|0|0];11[0|0|0|0];11[0|0|0|0];11[0|0|0|0];11[0|0|0|0];11[0|0|0|0];11[0|0|0|0];11[0|0|0|0];11[0|0|0|0];11[0|0|0|0];11[0|0|0|0];11[0|0|0|0];11[0|0|0|0];11[0|0|0|0];11[0|0|0|0];11[0|0|0|0];11[0|0|0|0];11[0|0|0|0];11[0|0|0|0];11[0|0|0|0];11[0|0|0|0];11[0|0|0|0];11[0|0|0|0];11[0|0|0|0];11[0|0|0|0];11[0|0|0|0];11[0|0|0|0];
hlt_tm_to_tc;7[0|0|0|0];7[0|0|0|0];7[0|0|0|0];7[0|0|0|0];7[0|0|0|0];7[0|0|0|0];7[0|0|0|0];7[0|0|0|0];7[0|0|0|0];7[0|0|0|0];7[0|0|0|0];7[0|0|0|0];7[0|0|0|0];7[0|0|0|0];7[0|0|0|0];7[0|0|0|0];7[0|0|0|0];7[0|0|0|0];7[0|0|0|0];7[0|0|1|0];7[0|0|0|0];7[0|0|0|0];7[0|0|0|0];6[0|1|0|0];6[0|0|0|0];6[0|0|0|0];6[0|0|0|0];6[0|0|0|0];6[0|0|0|0];6[0|0|0|0];6[0|0|0|0];6[0|0|0|0];7[1|0|0|0];6[0|1|0|0];6[0|0|0|0];6[0|0|0|0];6[0|0|0|0];6[0|0|0|0];6[0|0|0|0];6[0|0|0|0];6[0|0|0|0];6[0|0|0|0];6[0|0|0|0];6[0|0|0|0];6[0|0|0|0];6[0|0|0|0];6[0|0|0|0];6[0|0|0|0];6[0|0|0|0];6[0|0|1|0];6[0|0|0|0];6[0|0|0|0];6[0|0|0|0];6[0|0|0|0];6[0|0|0|0];6[0|0|0|0];6[0|0|0|0];6[0|0|0|0];6[0|0|0|0];6[0|0|0|0];6[0|0|0|0];6[0|0|0|0];6[0|0|0|0];6[0|0|0|0];6[0|0|0|0];6[0|0|0|0];6[0|0|0|0];6[0|0|0|0];6[0|0|0|0];6[0|0|0|0];6[0|0|0|0];6[0|0|0|0];6[0|0|0|0];6[0|0|0|0];6[0|0|0|0];6[0|0|0|0];6[0|0|0|0];6[0|0|0|0];6[0|0|0|0];6[0|0|0|0];6[0|0|0|0];6[0|0|0|0];6[0|0|0|0];6[0|0|0|0];6[0|0|0|0];
hlt_prescale;7[0|0|0|0];7[0|0|0|0];7[0|0|0|0];8[1|0|0|0];8[0|0|0|0];8[0|0|0|0];8[0|0|0|0];8[0|0|0|0];8[0|0|0|0];8[0|0|0|0];8[0|0|0|0];8[0|0|0|0];8[0|0|0|0];8[0|0|0|0];8[0|0|0|0];8[0|0|0|0];8[0|0|0|0];8[0|0|0|0];8[0|0|0|0];8[0|0|1|0];8[0|0|0|0];8[0|0|0|0];8[0|0|0|0];8[0|0|0|0];8[0|0|0|0];8[0|0|0|0];8[0|0|0|0];8[0|0|0|0];8[0|0|0|0];8[0|0|0|0];8[0|0|0|0];8[0|0|0|0];9[1|0|0|0];8[0|1|0|0];8[0|0|0|0];8[0|0|0|0];8[0|0|0|0];8[0|0|0|0];8[0|0|0|0];8[0|0|0|0];8[0|0|0|0];8[0|0|0|0];8[0|0|0|0];8[0|0|0|0];8[0|0|0|0];8[0|0|0|0];8[0|0|0|0];8[0|0|0|0];8[0|0|0|0];9[1|0|2|0];9[0|0|0|0];9[0|0|0|0];9[0|0|0|0];9[0|0|0|0];9[0|0|0|0];9[0|0|0|0];9[0|0|0|0];9[0|0|0|0];9[0|0|0|0];9[0|0|0|0];9[0|0|0|0];9[0|0|0|0];9[0|0|0|0];9[0|0|0|0];9[0|0|0|0];9[0|0|2|0];9[0|0|0|0];9[0|0|0|0];9[0|0|0|0];9[0|0|0|0];9[0|0|0|0];9[0|0|0|0];9[0|0|0|0];9[0|0|0|0];9[0|0|0|0];9[0|0|0|0];9[0|0|0|0];9[0|0|0|0];9[0|0|0|0];9[0|0|0|0];9[0|0|0|0];9[0|0|0|0];9[0|0|0|0];9[0|0|0|0];9[0|0|0|0];
l1_trigger_threshold;8[0|0|0|0];8[0|0|0|0];8[0|0|0|0];8[0|0|0|0];8[0|0|0|0];8[0|0|0|0];8[0|0|0|0];8[0|0|0|0];8[0|0|0|0];8[0|0|0|0];8[0|0|0|0];8[0|0|0|0];8[0|0|0|0];8[0|0|0|0];8[0|0|1|0];8[0|0|0|0];8[0|0|0|0];8[0|0|0|0];10[2|0|0|0];10[0|0|1|0];10[0|0|0|0];10[0|0|0|0];10[0|0|0|0];10[0|0|0|0];10[0|0|0|0];10[0|0|0|0];10[0|0|0|0];10[0|0|0|0];10[0|0|0|0];10[0|0|0|0];10[0|0|0|0];10[0|0|0|0];11[1|0|0|0];10[0|1|0|0];10[0|0|0|0];10[0|0|0|0];10[0|0|0|0];10[0|0|0|0];10[0|0|0|0];10[0|0|0|0];10[0|0|0|0];10[0|0|0|0];10[0|0|0|0];10[0|0|0|0];10[0|0|0|0];10[0|0|0|0];10[0|0|0|0];10[0|0|0|0];10[0|0|0|0];10[0|0|2|0];10[0|0|0|0];10[0|0|0|0];10[0|0|0|0];10[0|0|0|0];10[0|0|0|0];10[0|0|0|0];10[0|0|0|0];10[0|0|0|0];10[0|0|0|0];10[0|0|0|0];10[0|0|0|0];10[0|0|0|0];10[0|0|0|0];10[0|0|0|0];10[0|0|0|0];10[0|0|0|0];10[0|0|0|0];10[0|0|0|0];10[0|0|0|0];10[0|0|0|0];10[0|0|0|0];10[0|0|0|0];10[0|0|0|0];10[0|0|0|0];10[0|0|0|0];10[0|0|0|0];10[0|0|0|0];10[0|0|0|0];10[0|0|0|0];10[0|0|0|0];10[0|0|0|0];10[0|0|0|0];10[0|0|0|0];10[0|0|0|0];10[0|0|0|0];
trigger_log;0|-|-|-|-;0|-|-|-|-;0|-|-|-|-;0|-|-|-|-;0|-|-|-|-;0|-|-|-|-;0|-|-|-|-;0|-|-|-|-;0|-|-|-|-;0|-|-|-|-;0|-|-|-|-;0|-|-|-|-;0|-|-|-|-;0|-|-|-|-;0|-|-|-|-;0|-|-|-|-;0|-|-|-|-;0|-|-|-|-;0|-|-|-|-;0|-|-|-|-;0|-|-|-|-;0|-|-|-|-;0|-|-|-|-;0|-|-|-|-;0|-|-|-|-;0|-|-|-|-;0|-|-|-|-;0|-|-|-|-;0|-|-|-|-;0|-|-|-|-;0|-|-|-|-;0|-|-|-|-;0|-|-|-|-;0|-|-|-|-;0|-|-|-|-;0|-|-|-|-;0|-|-|-|-;0|-|-|-|-;0|-|-|-|-;0|-|-|-|-;0|-|-|-|-;0|-|-|-|-;0|-|-|-|-;0|-|-|-|-;0|-|-|-|-;0|-|-|-|-;0|-|-|-|-;0|-|-|-|-;0|-|-|-|-;0|-|-|-|-;0|-|-|-|-;3[0|0|0|0];3[0|0|0|0];3[0|0|0|0];3[0|0|0|0];3[0|0|0|0];3[0|0|0|0];3[0|0|0|0];3[0|0|0|0];3[0|0|0|0];3[0|0|0|0];3[0|0|0|0];4[1|0|0|0];4[1|1|0|0];4[0|0|0|0];4[0|0|0|0];4[0|0|0|0];4[0|0|0|0];4[0|0|0|0];4[0|0|0|0];4[0|0|0|0];4[0|0|0|0];4[0|0|0|0];4[0|0|0|0];4[0|0|0|0];4[0|0|0|0];4[0|0|0|0];4[0|0|0|0];4[0|0|2|0];4[0|0|0|0];4[0|0|0|0];4[0|0|0|0];4[0|0|0|0];4[0|0|0|0];4[0|0|0|0];
l1_bunch_group;6[0|0|0|0];6[0|0|0|0];6[0|0|0|0];6[0|0|0|0];6[0|0|0|0];6[0|0|0|0];6[0|0|0|0];6[0|0|0|0];6[0|0|0|0];6[0|0|0|0];6[0|0|0|0];6[0|0|0|0];6[0|0|0|0];6[0|0|0|0];6[0|0|1|0];6[0|0|0|0];6[0|0|0|0];6[0|0|0|0];6[0|0|0|0];6[0|0|1|0];6[0|0|0|0];6[0|0|0|0];6[0|0|0|0];6[0|0|0|0];6[0|0|0|0];6[0|0|0|0];6[0|0|0|0];6[0|0|0|0];6[0|0|0|0];6[0|0|0|0];6[0|0|0|0];6[0|0|0|0];7[1|0|0|0];6[0|1|0|0];6[0|0|0|0];6[0|0|0|0];6[0|0|0|0];6[0|0|0|0];6[0|0|0|0];6[0|0|0|0];6[0|0|0|0];6[0|0|0|0];6[0|0|0|0];6[0|0|0|0];6[0|0|0|0];6[0|0|0|0];6[0|0|0|0];6[0|0|0|0];6[0|0|0|0];6[0|0|2|0];6[0|0|0|0];6[0|0|0|0];6[0|0|0|0];6[0|0|0|0];6[0|0|0|0];6[0|0|0|0];6[0|0|0|0];6[0|0|0|0];6[0|0|0|0];6[0|0|0|0];6[0|0|0|0];6[0|0|0|0];6[0|0|0|0];6[0|0|0|0];6[0|0|0|0];6[0|0|0|0];6[0|0|0|0];6[0|0|0|0];6[0|0|0|0];7[1|0|0|0];7[0|0|0|0];7[0|0|0|0];7[0|0|0|0];7[0|0|0|0];7[0|0|0|0];7[0|0|0|0];7[0|0|0|0];7[0|0|0|0];7[0|0|0|0];7[0|0|0|0];7[0|0|0|0];7[0|0|0|0];7[0|0|0|0];7[0|0|0|0];7[0|0|0|0];
hlt_trigger_streamtag;0|-|-|-|-;0|-|-|-|-;0|-|-|-|-;0|-|-|-|-;0|-|-|-|-;0|-|-|-|-;0|-|-|-|-;0|-|-|-|-;0|-|-|-|-;0|-|-|-|-;0|-|-|-|-;0|-|-|-|-;0|-|-|-|-;0|-|-|-|-;0|-|-|-|-;0|-|-|-|-;0|-|-|-|-;0|-|-|-|-;0|-|-|-|-;0|-|-|-|-;0|-|-|-|-;0|-|-|-|-;0|-|-|-|-;0|-|-|-|-;0|-|-|-|-;0|-|-|-|-;0|-|-|-|-;0|-|-|-|-;0|-|-|-|-;0|-|-|-|-;0|-|-|-|-;0|-|-|-|-;0|-|-|-|-;0|-|-|-|-;0|-|-|-|-;0|-|-|-|-;0|-|-|-|-;0|-|-|-|-;0|-|-|-|-;0|-|-|-|-;0|-|-|-|-;0|-|-|-|-;0|-|-|-|-;0|-|-|-|-;0|-|-|-|-;0|-|-|-|-;0|-|-|-|-;0|-|-|-|-;0|-|-|-|-;0|-|-|-|-;0|-|-|-|-;0|-|-|-|-;0|-|-|-|-;5[0|0|0|0];0|-|-|-|-;0|-|-|-|-;0|-|-|-|-;0|-|-|-|-;0|-|-|-|-;0|-|-|-|-;0|-|-|-|-;0|-|-|-|-;0|-|-|-|-;0|-|-|-|-;0|-|-|-|-;0|-|-|-|-;0|-|-|-|-;0|-|-|-|-;0|-|-|-|-;0|-|-|-|-;0|-|-|-|-;0|-|-|-|-;0|-|-|-|-;0|-|-|-|-;0|-|-|-|-;0|-|-|-|-;0|-|-|-|-;0|-|-|-|-;0|-|-|-|-;0|-|-|-|-;0|-|-|-|-;0|-|-|-|-;0|-|-|-|-;0|-|-|-|-;0|-|-|-|-;
hlt_te_to_cp;7[0|0|0|0];7[0|0|0|0];7[0|0|0|0];7[0|0|0|0];7[0|0|0|0];7[0|0|0|0];7[0|0|0|0];7[0|0|0|0];7[0|0|0|0];7[0|0|0|0];7[0|0|0|0];7[0|0|0|0];7[0|0|0|0];7[0|0|0|0];7[0|0|0|0];7[0|0|0|0];7[0|0|0|0];7[0|0|0|0];7[0|0|0|0];7[0|0|1|0];7[0|0|0|0];7[0|0|0|0];7[0|0|0|0];7[0|0|0|0];7[0|0|0|0];7[0|0|0|0];7[0|0|0|0];7[0|0|0|0];7[0|0|0|0];7[0|0|0|0];7[0|0|0|0];7[0|0|0|0];8[1|0|0|0];7[0|1|0|0];7[0|0|0|0];7[0|0|0|0];7[0|0|0|0];7[0|0|0|0];7[0|0|0|0];7[0|0|0|0];7[0|0|0|0];7[0|0|0|0];7[0|0|0|0];7[0|0|0|0];7[0|0|0|0];7[0|0|0|0];7[0|0|0|0];7[0|0|0|0];7[0|0|0|0];7[0|0|1|0];7[0|0|0|0];7[0|0|0|0];7[0|0|0|0];7[0|0|0|0];7[0|0|0|0];7[0|0|0|0];7[1|1|0|0];7[0|0|0|0];7[0|0|1|0];8[1|0|1|0];8[0|0|0|0];8[0|0|0|0];8[0|0|0|0];8[0|0|0|0];8[0|0|0|0];8[0|0|0|0];7[1|2|1|0];7[0|0|0|0];7[0|0|0|0];7[0|0|0|0];7[0|0|0|0];7[0|0|0|0];7[0|0|0|0];7[0|0|0|0];7[0|0|0|0];7[0|0|0|0];7[0|0|0|0];7[0|0|0|0];7[0|0|0|0];7[0|0|0|0];7[0|0|0|0];7[0|0|0|0];7[0|0|0|0];7[0|0|0|0];7[0|0|0|0];
hlt_setup;6[0|0|0|0];6[0|0|0|0];6[0|0|0|0];6[0|0|0|0];6[0|0|0|0];6[0|0|0|0];6[0|0|0|0];6[0|0|1|0];6[0|0|0|0];6[0|0|0|0];6[0|0|0|0];6[0|0|0|0];6[0|0|0|0];6[0|0|0|0];6[0|0|0|0];6[0|0|0|0];6[0|0|0|0];6[0|0|0|0];6[0|0|0|0];6[0|0|1|0];6[0|0|0|0];6[0|0|0|0];6[0|0|0|0];6[0|0|0|0];6[0|0|0|0];6[0|0|0|0];6[0|0|0|0];6[0|0|0|0];6[0|0|0|0];6[0|0|0|0];6[0|0|0|0];6[0|0|0|0];7[1|0|0|0];6[0|1|0|0];6[0|0|0|0];6[0|0|0|0];6[0|0|0|0];6[0|0|0|0];6[0|0|0|0];6[0|0|0|0];6[0|0|0|0];6[0|0|0|0];6[0|0|0|0];6[0|0|0|0];6[0|0|0|0];6[0|0|0|0];6[0|0|0|0];6[0|0|0|0];6[0|0|0|0];7[1|0|1|0];7[0|0|0|0];7[0|0|0|0];7[0|0|0|0];7[0|0|0|0];7[0|0|0|0];7[0|0|0|0];7[0|0|0|0];7[0|0|0|0];7[0|0|0|0];7[0|0|0|0];7[0|0|0|0];7[0|0|0|0];7[0|0|0|0];7[0|0|0|0];7[0|0|0|0];7[0|0|0|0];7[0|0|0|0];7[0|0|0|0];7[0|0|0|0];7[0|0|0|0];7[0|0|0|0];7[0|0|0|0];7[0|0|0|0];7[0|0|0|0];7[0|0|0|0];7[0|0|0|0];7[0|0|0|0];7[0|0|0|0];7[0|0|0|0];7[0|0|0|0];7[0|0|0|0];7[0|0|0|0];7[0|0|0|0];7[0|0|0|0];7[0|0|0|0];
hlt_source;6[0|0|0|0];6[0|0|0|0];6[0|0|0|0];6[0|0|0|0];6[0|0|0|0];6[0|0|0|0];6[0|0|0|0];6[0|0|0|0];6[0|0|0|0];6[0|0|0|0];6[0|0|0|0];6[0|0|0|0];6[0|0|0|0];6[0|0|0|0];6[0|0|0|0];6[0|0|0|0];6[0|0|0|0];6[0|0|0|0];6[0|0|0|0];6[0|0|1|0];6[0|0|0|0];6[0|0|0|0];0|-|-|-|-;0|-|-|-|-;0|-|-|-|-;0|-|-|-|-;0|-|-|-|-;0|-|-|-|-;0|-|-|-|-;0|-|-|-|-;0|-|-|-|-;0|-|-|-|-;0|-|-|-|-;0|-|-|-|-;0|-|-|-|-;0|-|-|-|-;0|-|-|-|-;0|-|-|-|-;0|-|-|-|-;0|-|-|-|-;0|-|-|-|-;0|-|-|-|-;0|-|-|-|-;0|-|-|-|-;0|-|-|-|-;0|-|-|-|-;0|-|-|-|-;0|-|-|-|-;0|-|-|-|-;0|-|-|-|-;0|-|-|-|-;0|-|-|-|-;0|-|-|-|-;0|-|-|-|-;0|-|-|-|-;0|-|-|-|-;0|-|-|-|-;0|-|-|-|-;0|-|-|-|-;0|-|-|-|-;0|-|-|-|-;0|-|-|-|-;0|-|-|-|-;0|-|-|-|-;0|-|-|-|-;0|-|-|-|-;0|-|-|-|-;0|-|-|-|-;0|-|-|-|-;0|-|-|-|-;0|-|-|-|-;0|-|-|-|-;0|-|-|-|-;0|-|-|-|-;0|-|-|-|-;0|-|-|-|-;0|-|-|-|-;0|-|-|-|-;0|-|-|-|-;0|-|-|-|-;0|-|-|-|-;0|-|-|-|-;0|-|-|-|-;0|-|-|-|-;0|-|-|-|-;
hlt_tc_to_st;6[0|0|0|0];6[0|0|0|0];0|-|-|-|-;0|-|-|-|-;0|-|-|-|-;0|-|-|-|-;0|-|-|-|-;0|-|-|-|-;0|-|-|-|-;0|-|-|-|-;0|-|-|-|-;0|-|-|-|-;0|-|-|-|-;0|-|-|-|-;0|-|-|-|-;0|-|-|-|-;0|-|-|-|-;0|-|-|-|-;0|-|-|-|-;0|-|-|-|-;0|-|-|-|-;0|-|-|-|-;0|-|-|-|-;0|-|-|-|-;0|-|-|-|-;0|-|-|-|-;0|-|-|-|-;0|-|-|-|-;0|-|-|-|-;0|-|-|-|-;0|-|-|-|-;0|-|-|-|-;0|-|-|-|-;0|-|-|-|-;0|-|-|-|-;0|-|-|-|-;0|-|-|-|-;0|-|-|-|-;0|-|-|-|-;0|-|-|-|-;0|-|-|-|-;0|-|-|-|-;0|-|-|-|-;0|-|-|-|-;0|-|-|-|-;0|-|-|-|-;0|-|-|-|-;0|-|-|-|-;0|-|-|-|-;0|-|-|-|-;0|-|-|-|-;0|-|-|-|-;0|-|-|-|-;0|-|-|-|-;0|-|-|-|-;0|-|-|-|-;0|-|-|-|-;0|-|-|-|-;0|-|-|-|-;0|-|-|-|-;0|-|-|-|-;0|-|-|-|-;0|-|-|-|-;0|-|-|-|-;0|-|-|-|-;0|-|-|-|-;0|-|-|-|-;0|-|-|-|-;0|-|-|-|-;0|-|-|-|-;0|-|-|-|-;0|-|-|-|-;0|-|-|-|-;0|-|-|-|-;0|-|-|-|-;0|-|-|-|-;0|-|-|-|-;0|-|-|-|-;0|-|-|-|-;0|-|-|-|-;0|-|-|-|-;0|-|-|-|-;0|-|-|-|-;0|-|-|-|-;0|-|-|-|-;
l1_jet_input;12[0|0|0|0];12[0|0|0|0];12[0|0|0|0];12[0|0|0|0];12[0|0|0|0];12[0|0|0|0];12[0|0|0|0];12[0|0|0|0];12[0|0|0|0];12[0|0|0|0];12[0|0|0|0];12[0|0|0|0];12[0|0|0|0];12[0|0|0|0];12[0|0|1|0];12[0|0|0|0];12[0|0|0|0];12[0|0|0|0];12[0|0|0|0];12[0|0|1|0];12[0|0|0|0];12[0|0|0|0];12[0|0|0|0];12[0|0|0|0];12[0|0|0|0];12[0|0|0|0];12[0|0|0|0];12[0|0|0|0];12[0|0|0|0];12[0|0|0|0];12[0|0|0|0];12[0|0|0|0];13[1|0|0|0];12[0|1|0|0];12[0|0|0|0];12[0|0|0|0];12[0|0|0|0];12[0|0|0|0];12[0|0|0|0];12[0|0|0|0];12[0|0|0|0];12[0|0|0|0];12[0|0|0|0];12[0|0|0|0];12[0|0|0|0];12[0|0|0|0];12[0|0|0|0];12[0|0|0|0];12[0|0|0|0];12[0|0|2|0];12[0|0|0|0];12[0|0|0|0];12[0|0|0|0];12[0|0|0|0];12[0|0|0|0];12[0|0|0|0];12[0|0|0|0];12[0|0|0|0];12[0|0|0|0];12[0|0|0|0];12[0|0|0|0];12[0|0|0|0];12[0|0|0|0];12[0|0|0|0];12[0|0|0|0];12[0|0|0|0];12[0|0|0|0];12[0|0|0|0];12[0|0|0|0];12[0|0|0|0];12[0|0|0|0];12[0|0|0|0];12[0|0|0|0];12[0|0|0|0];12[0|0|0|0];12[0|0|0|0];12[0|0|0|0];12[0|0|0|0];12[0|0|0|0];12[0|0|0|0];12[0|0|0|0];12[0|0|0|0];12[0|0|0|0];12[0|0|0|0];12[0|0|0|0];
HLT_HRC_TO_HRP;0|-|-|-|-;0|-|-|-|-;0|-|-|-|-;0|-|-|-|-;0|-|-|-|-;0|-|-|-|-;0|-|-|-|-;0|-|-|-|-;0|-|-|-|-;0|-|-|-|-;0|-|-|-|-;0|-|-|-|-;0|-|-|-|-;0|-|-|-|-;0|-|-|-|-;0|-|-|-|-;0|-|-|-|-;0|-|-|-|-;0|-|-|-|-;0|-|-|-|-;0|-|-|-|-;0|-|-|-|-;0|-|-|-|-;0|-|-|-|-;0|-|-|-|-;0|-|-|-|-;0|-|-|-|-;0|-|-|-|-;0|-|-|-|-;0|-|-|-|-;0|-|-|-|-;0|-|-|-|-;0|-|-|-|-;0|-|-|-|-;0|-|-|-|-;0|-|-|-|-;0|-|-|-|-;0|-|-|-|-;0|-|-|-|-;0|-|-|-|-;0|-|-|-|-;0|-|-|-|-;0|-|-|-|-;0|-|-|-|-;0|-|-|-|-;0|-|-|-|-;0|-|-|-|-;0|-|-|-|-;0|-|-|-|-;0|-|-|-|-;0|-|-|-|-;0|-|-|-|-;0|-|-|-|-;0|-|-|-|-;0|-|-|-|-;0|-|-|-|-;0|-|-|-|-;0|-|-|-|-;0|-|-|-|-;0|-|-|-|-;0|-|-|-|-;0|-|-|-|-;0|-|-|-|-;0|-|-|-|-;0|-|-|-|-;0|-|-|-|-;0|-|-|-|-;0|-|-|-|-;0|-|-|-|-;0|-|-|-|-;6[0|0|0|0];6[0|0|0|0];6[0|0|0|0];6[0|0|0|0];6[0|0|0|0];6[0|0|0|0];6[0|0|0|0];6[0|0|0|0];6[0|0|0|0];6[0|0|0|0];6[0|0|0|0];6[0|0|0|0];6[0|0|0|0];6[0|0|0|0];6[0|0|0|0];
tt_users;0|-|-|-|-;0|-|-|-|-;0|-|-|-|-;0|-|-|-|-;0|-|-|-|-;0|-|-|-|-;0|-|-|-|-;0|-|-|-|-;0|-|-|-|-;0|-|-|-|-;0|-|-|-|-;0|-|-|-|-;0|-|-|-|-;0|-|-|-|-;0|-|-|-|-;0|-|-|-|-;0|-|-|-|-;0|-|-|-|-;0|-|-|-|-;0|-|-|-|-;0|-|-|-|-;0|-|-|-|-;0|-|-|-|-;0|-|-|-|-;0|-|-|-|-;0|-|-|-|-;0|-|-|-|-;0|-|-|-|-;0|-|-|-|-;0|-|-|-|-;0|-|-|-|-;0|-|-|-|-;0|-|-|-|-;0|-|-|-|-;0|-|-|-|-;0|-|-|-|-;0|-|-|-|-;0|-|-|-|-;0|-|-|-|-;0|-|-|-|-;0|-|-|-|-;0|-|-|-|-;0|-|-|-|-;0|-|-|-|-;0|-|-|-|-;0|-|-|-|-;0|-|-|-|-;0|-|-|-|-;0|-|-|-|-;0|-|-|-|-;0|-|-|-|-;0|-|-|-|-;0|-|-|-|-;0|-|-|-|-;0|-|-|-|-;0|-|-|-|-;0|-|-|-|-;3[0|0|0|0];3[0|0|0|0];3[0|0|0|0];3[0|0|0|0];3[0|0|0|0];3[0|0|0|0];3[0|0|0|0];3[0|0|0|0];3[0|0|0|0];3[0|0|0|0];3[0|0|0|0];3[0|0|0|0];3[0|0|0|0];3[0|0|0|0];3[0|0|0|0];3[0|0|0|0];3[0|0|0|0];3[0|0|0|0];3[0|0|0|0];3[0|0|0|0];3[0|0|0|0];3[0|0|0|0];3[0|0|0|0];3[0|0|0|0];3[0|0|0|0];3[0|0|0|0];3[0|0|0|0];3[0|0|0|0];
l1_bgs_to_bg;7[0|0|0|0];7[0|0|0|0];7[0|0|0|0];7[0|0|0|0];7[0|0|0|0];7[0|0|0|0];7[0|0|0|0];7[0|0|0|0];7[0|0|0|0];7[0|0|0|0];7[0|0|0|0];7[0|0|0|0];7[0|0|0|0];7[0|0|0|0];7[0|0|0|0];7[0|0|0|0];7[0|0|0|0];7[0|0|0|0];7[0|0|0|0];7[0|0|1|0];7[0|0|0|0];7[0|0|0|0];7[0|0|0|0];7[0|0|0|0];7[0|0|0|0];7[0|0|0|0];7[0|0|0|0];7[0|0|0|0];7[0|0|0|0];7[0|0|0|0];7[0|0|0|0];7[0|0|0|0];8[1|0|0|0];7[0|1|0|0];7[0|0|0|0];7[0|0|0|0];7[0|0|0|0];7[0|0|0|0];7[0|0|0|0];7[0|0|0|0];7[0|0|0|0];7[0|0|0|0];7[0|0|0|0];7[0|0|0|0];7[0|0|0|0];7[0|0|0|0];7[0|0|0|0];7[0|0|0|0];7[0|0|0|0];7[0|0|1|0];7[0|0|0|0];7[0|0|0|0];7[0|0|0|0];7[0|0|0|0];7[0|0|0|0];7[0|0|0|0];7[0|0|0|0];7[0|0|0|0];7[0|0|0|0];7[0|0|0|0];7[0|0|0|0];7[0|0|0|0];7[0|0|0|0];7[0|0|0|0];7[0|0|0|0];7[0|0|0|0];7[0|0|0|0];7[0|0|0|0];7[0|0|0|0];7[0|0|0|0];7[0|0|0|0];7[0|0|0|0];7[0|0|0|0];7[0|0|0|0];7[0|0|0|0];7[0|0|0|0];7[0|0|0|0];7[0|0|0|0];7[0|0|0|0];7[0|0|0|0];7[0|0|0|0];7[0|0|0|0];7[0|0|0|0];7[0|0|0|0];7[0|0|0|0];
l1_trigger_threshold_value;17[0|0|0|0];17[0|0|0|0];17[0|0|0|0];17[0|0|0|0];17[0|0|0|0];17[0|0|0|0];17[0|0|0|0];17[0|0|0|0];17[0|0|0|0];17[0|0|0|0];17[0|0|0|0];17[0|0|0|0];17[0|0|0|0];17[0|0|0|0];17[0|0|1|0];17[0|0|0|0];17[0|0|0|0];17[0|0|0|0];17[0|0|0|0];17[0|0|1|0];17[0|0|0|0];17[0|0|0|0];17[0|0|0|0];17[0|0|0|0];17[0|0|1|0];17[0|0|1|0];17[0|0|2|0];17[0|0|5|0];17[0|0|0|0];17[0|0|0|0];17[0|0|0|0];17[0|0|0|0];18[1|0|0|0];17[0|1|0|0];17[0|0|0|0];17[0|0|0|0];17[0|0|0|0];17[0|0|0|0];17[0|0|0|0];17[0|0|0|0];17[0|0|0|0];17[0|0|0|0];17[0|0|0|0];17[0|0|0|0];17[0|0|0|0];17[0|0|0|0];17[0|0|0|0];17[0|0|0|0];17[0|0|0|0];17[0|0|2|0];17[0|0|0|0];17[0|0|0|0];17[0|0|0|0];17[0|0|0|0];17[0|0|0|0];17[0|0|0|0];17[0|0|0|0];17[0|0|0|0];17[0|0|0|0];17[0|0|0|0];17[0|0|0|0];17[0|0|0|0];17[0|0|0|0];17[0|0|0|0];17[0|0|0|0];17[0|0|0|0];17[0|0|0|0];17[0|0|5|0];17[0|0|0|0];17[0|0|0|0];17[0|0|0|0];17[0|0|0|0];17[0|0|0|0];17[0|0|0|0];17[0|0|0|0];17[0|0|0|0];17[0|0|0|0];17[0|0|0|0];17[0|0|0|0];17[0|0|0|0];17[0|0|0|0];17[0|0|0|0];17[0|0|0|0];17[0|0|0|0];17[0|0|0|0];
hlt_so_to_py;3[0|0|0|0];3[0|0|0|0];3[0|0|0|0];3[0|0|0|0];3[0|0|0|0];3[0|0|0|0];3[0|0|0|0];3[0|0|0|0];3[0|0|0|0];3[0|0|0|0];3[0|0|0|0];3[0|0|0|0];3[0|0|0|0];3[0|0|0|0];3[0|0|0|0];3[0|0|0|0];3[0|0|0|0];3[0|0|0|0];3[0|0|0|0];3[0|0|0|0];3[0|0|0|0];3[0|0|0|0];0|-|-|-|-;0|-|-|-|-;0|-|-|-|-;0|-|-|-|-;0|-|-|-|-;0|-|-|-|-;0|-|-|-|-;0|-|-|-|-;0|-|-|-|-;0|-|-|-|-;0|-|-|-|-;0|-|-|-|-;0|-|-|-|-;0|-|-|-|-;0|-|-|-|-;0|-|-|-|-;0|-|-|-|-;0|-|-|-|-;0|-|-|-|-;0|-|-|-|-;0|-|-|-|-;0|-|-|-|-;0|-|-|-|-;0|-|-|-|-;0|-|-|-|-;0|-|-|-|-;0|-|-|-|-;0|-|-|-|-;0|-|-|-|-;0|-|-|-|-;0|-|-|-|-;0|-|-|-|-;0|-|-|-|-;0|-|-|-|-;0|-|-|-|-;0|-|-|-|-;0|-|-|-|-;0|-|-|-|-;0|-|-|-|-;0|-|-|-|-;0|-|-|-|-;0|-|-|-|-;0|-|-|-|-;0|-|-|-|-;0|-|-|-|-;0|-|-|-|-;0|-|-|-|-;0|-|-|-|-;0|-|-|-|-;0|-|-|-|-;0|-|-|-|-;0|-|-|-|-;0|-|-|-|-;0|-|-|-|-;0|-|-|-|-;0|-|-|-|-;0|-|-|-|-;0|-|-|-|-;0|-|-|-|-;0|-|-|-|-;0|-|-|-|-;0|-|-|-|-;0|-|-|-|-;
l1_prescale_set;266[0|0|0|0];266[0|0|0|0];266[0|0|0|0];266[0|0|0|0];266[0|0|0|0];266[0|0|0|0];266[0|0|0|0];266[0|0|0|0];266[0|0|0|0];266[0|0|0|0];266[0|0|0|0];266[0|0|0|0];266[0|0|0|0];266[0|0|0|0];266[0|0|1|0];266[0|0|0|0];266[0|0|0|0];266[0|0|0|0];266[0|0|0|0];266[0|0|1|0];266[0|0|0|0];266[0|0|0|0];266[0|0|0|0];266[0|0|0|0];266[0|0|1|0];266[0|0|1|0];266[0|0|1|0];266[0|0|0|0];266[0|0|0|0];266[0|0|0|0];266[0|0|0|0];266[0|0|0|0];267[1|0|0|0];266[0|1|0|0];266[0|0|0|0];266[0|0|0|0];266[0|0|0|0];266[0|0|0|0];266[0|0|0|0];266[0|0|0|0];266[0|0|0|0];266[0|0|0|0];266[0|0|0|0];266[0|0|0|0];266[0|0|0|0];266[0|0|0|0];266[0|0|0|0];266[0|0|0|0];266[0|0|0|0];266[0|0|2|0];266[0|0|0|0];266[0|0|0|0];266[0|0|0|0];266[0|0|1|0];266[0|0|0|0];266[0|0|0|0];266[0|0|0|0];266[0|0|0|0];266[0|0|0|0];266[0|0|0|0];266[0|0|0|0];266[0|0|0|0];266[0|0|0|0];266[0|0|0|0];266[0|0|0|0];266[0|0|0|0];266[0|0|0|0];265[0|1|1|0];266[1|0|0|0];266[0|0|0|0];266[0|0|0|0];266[0|0|0|0];266[0|0|0|0];266[0|0|0|0];266[0|0|0|0];266[0|0|0|0];266[0|0|0|0];266[0|0|0|0];266[0|0|2|0];266[0|0|0|0];266[0|0|0|0];266[0|0|0|0];266[0|0|0|0];266[0|0|0|0];266[0|0|0|0];
trigger_schema;0|-|-|-|-;0|-|-|-|-;0|-|-|-|-;0|-|-|-|-;0|-|-|-|-;0|-|-|-|-;0|-|-|-|-;0|-|-|-|-;0|-|-|-|-;0|-|-|-|-;0|-|-|-|-;0|-|-|-|-;0|-|-|-|-;0|-|-|-|-;0|-|-|-|-;0|-|-|-|-;0|-|-|-|-;0|-|-|-|-;0|-|-|-|-;0|-|-|-|-;0|-|-|-|-;0|-|-|-|-;0|-|-|-|-;0|-|-|-|-;0|-|-|-|-;0|-|-|-|-;0|-|-|-|-;0|-|-|-|-;0|-|-|-|-;0|-|-|-|-;0|-|-|-|-;0|-|-|-|-;0|-|-|-|-;0|-|-|-|-;0|-|-|-|-;0|-|-|-|-;0|-|-|-|-;0|-|-|-|-;0|-|-|-|-;0|-|-|-|-;0|-|-|-|-;0|-|-|-|-;3[0|0|0|0];3[0|0|0|0];3[0|0|0|0];3[0|0|0|0];3[0|0|0|0];3[0|0|0|0];3[0|0|0|0];3[0|0|2|0];3[0|0|0|0];3[0|0|0|0];3[0|0|0|0];3[0|0|0|0];3[0|0|0|0];3[0|0|0|0];3[0|0|0|0];3[0|0|0|0];3[0|0|0|0];3[0|0|0|0];3[0|0|0|0];3[0|0|0|0];3[0|0|0|0];3[0|0|0|0];3[0|0|0|0];3[0|0|0|0];3[0|0|0|0];3[0|0|0|0];3[0|0|0|0];3[0|0|0|0];3[0|0|0|0];3[0|0|0|0];3[0|0|0|0];3[0|0|0|0];3[0|0|0|0];3[0|0|0|0];3[0|0|0|0];3[0|0|0|0];3[0|0|0|0];3[0|0|0|0];3[0|0|0|0];3[0|0|0|0];3[0|0|0|0];3[0|0|0|0];3[0|0|0|0];
l1_ctp_files;8[0|0|0|0];8[0|0|0|0];8[0|0|0|0];8[0|0|0|0];8[0|0|0|0];8[0|0|0|0];8[0|0|0|0];8[0|0|0|0];8[0|0|0|0];8[0|0|0|0];8[0|0|0|0];8[0|0|0|0];8[0|0|0|0];8[0|0|0|0];8[0|0|1|0];8[0|0|0|0];8[0|0|0|0];8[0|0|0|0];8[0|0|0|0];8[0|0|1|0];8[0|0|0|0];8[0|0|0|0];8[0|0|0|0];8[0|0|0|0];8[0|0|0|0];8[0|0|0|0];8[0|0|0|0];8[0|0|0|0];8[0|0|0|0];8[0|0|0|0];8[0|0|0|0];8[0|0|0|0];9[1|0|0|0];8[0|1|0|0];8[0|0|0|0];8[0|0|0|0];8[0|0|0|0];8[0|0|0|0];16[8|0|0|0];16[0|0|0|0];16[0|0|0|0];16[0|0|0|0];16[0|0|0|0];16[0|0|0|0];16[0|0|0|0];16[0|0|0|0];16[0|0|0|0];16[0|0|0|0];16[0|0|0|0];16[0|0|2|0];16[0|0|0|0];16[0|0|0|0];16[0|0|0|0];16[0|0|0|0];16[0|0|0|0];16[0|0|0|0];16[0|0|0|0];16[0|0|0|0];16[0|0|0|0];16[0|0|0|0];16[0|0|0|0];16[0|0|0|0];16[0|0|0|0];16[0|0|0|0];16[0|0|0|0];16[0|0|0|0];16[0|0|0|0];16[0|0|0|0];16[0|0|0|0];16[0|0|0|0];16[0|0|0|0];16[0|0|0|0];16[0|0|0|0];16[0|0|0|0];16[0|0|0|0];16[0|0|0|0];16[0|0|0|0];16[0|0|0|0];16[0|0|0|0];16[0|0|0|0];16[0|0|0|0];16[0|0|0|0];16[0|0|0|0];16[0|0|0|0];16[0|0|0|0];
hlt_cp_to_pa;6[0|0|0|0];6[0|0|0|0];6[0|0|0|0];6[0|0|0|0];6[0|0|0|0];6[0|0|0|0];6[0|0|0|0];6[0|0|0|0];6[0|0|0|0];6[0|0|0|0];6[0|0|0|0];6[0|0|0|0];6[0|0|0|0];6[0|0|0|0];6[0|0|0|0];6[0|0|0|0];6[0|0|0|0];6[0|0|0|0];6[0|0|0|0];6[0|0|1|0];6[0|0|0|0];6[0|0|0|0];6[0|0|0|0];6[0|0|0|0];6[0|0|0|0];6[0|0|0|0];6[0|0|0|0];6[0|0|0|0];6[0|0|0|0];6[0|0|0|0];6[0|0|0|0];6[0|0|0|0];7[1|0|0|0];6[0|1|0|0];6[0|0|0|0];6[0|0|0|0];6[0|0|0|0];6[0|0|0|0];6[0|0|0|0];6[0|0|0|0];6[0|0|0|0];6[0|0|0|0];6[0|0|0|0];6[0|0|0|0];6[0|0|0|0];6[0|0|0|0];6[0|0|0|0];6[0|0|0|0];6[0|0|0|0];6[0|0|1|0];6[0|0|0|0];6[0|0|0|0];6[0|0|0|0];6[0|0|0|0];6[0|0|0|0];6[0|0|0|0];6[0|0|0|0];6[0|0|0|0];6[0|0|0|0];6[0|0|0|0];6[0|0|0|0];6[0|0|0|0];6[0|0|0|0];6[0|0|0|0];6[0|0|0|0];6[0|0|0|0];6[0|0|0|0];6[0|0|0|0];6[0|0|0|0];6[0|0|0|0];6[0|0|0|0];6[0|0|0|0];6[0|0|0|0];6[0|0|0|0];6[0|0|0|0];6[0|0|0|0];6[0|0|0|0];6[0|0|0|0];6[0|0|0|0];6[0|0|0|0];6[0|0|0|0];6[0|0|0|0];6[0|0|0|0];6[0|0|0|0];6[0|0|0|0];
DBCOPY_SOURCE_DATABASE;0|-|-|-|-;0|-|-|-|-;0|-|-|-|-;0|-|-|-|-;0|-|-|-|-;0|-|-|-|-;0|-|-|-|-;0|-|-|-|-;0|-|-|-|-;0|-|-|-|-;0|-|-|-|-;0|-|-|-|-;0|-|-|-|-;0|-|-|-|-;0|-|-|-|-;0|-|-|-|-;0|-|-|-|-;0|-|-|-|-;0|-|-|-|-;0|-|-|-|-;0|-|-|-|-;0|-|-|-|-;0|-|-|-|-;0|-|-|-|-;0|-|-|-|-;0|-|-|-|-;0|-|-|-|-;0|-|-|-|-;0|-|-|-|-;0|-|-|-|-;0|-|-|-|-;0|-|-|-|-;0|-|-|-|-;0|-|-|-|-;0|-|-|-|-;0|-|-|-|-;0|-|-|-|-;0|-|-|-|-;0|-|-|-|-;0|-|-|-|-;0|-|-|-|-;0|-|-|-|-;0|-|-|-|-;0|-|-|-|-;0|-|-|-|-;0|-|-|-|-;0|-|-|-|-;0|-|-|-|-;0|-|-|-|-;0|-|-|-|-;0|-|-|-|-;0|-|-|-|-;0|-|-|-|-;0|-|-|-|-;0|-|-|-|-;0|-|-|-|-;0|-|-|-|-;0|-|-|-|-;0|-|-|-|-;0|-|-|-|-;0|-|-|-|-;0|-|-|-|-;0|-|-|-|-;0|-|-|-|-;0|-|-|-|-;0|-|-|-|-;0|-|-|-|-;0|-|-|-|-;0|-|-|-|-;0|-|-|-|-;0|-|-|-|-;0|-|-|-|-;0|-|-|-|-;0|-|-|-|-;0|-|-|-|-;0|-|-|-|-;0|-|-|-|-;0|-|-|-|-;0|-|-|-|-;0|-|-|-|-;1[0|0|0|0];1[0|0|0|0];1[0|0|0|0];1[0|0|0|0];1[0|0|0|0];
hlt_component;9[0|0|0|0];9[0|0|0|0];9[0|0|0|0];9[0|0|0|0];9[0|0|0|0];9[0|0|2|0];9[0|0|0|0];9[0|0|1|0];9[0|0|0|0];9[0|0|0|0];9[0|0|0|0];9[0|0|0|0];9[0|0|0|0];9[0|0|0|0];9[0|0|0|0];9[0|0|0|0];9[0|0|0|0];9[0|0|0|0];9[0|0|0|0];9[0|0|1|0];9[0|0|0|0];9[0|0|0|0];9[0|0|0|0];9[0|0|0|0];9[0|0|0|0];9[0|0|0|0];9[0|0|0|0];9[0|0|0|0];9[0|0|0|0];9[0|0|0|0];9[0|0|0|0];9[0|0|0|0];10[1|0|0|0];9[0|1|0|0];9[0|0|0|0];9[0|0|2|0];9[0|0|0|0];9[0|0|0|0];9[0|0|0|0];9[0|0|0|0];9[0|0|0|0];9[0|0|0|0];9[0|0|0|0];9[0|0|0|0];9[0|0|0|0];9[0|0|0|0];9[0|0|0|0];9[0|0|0|0];9[0|0|0|0];9[0|0|1|0];9[0|0|0|0];9[0|0|0|0];9[0|0|0|0];9[0|0|0|0];9[0|0|0|0];9[0|0|0|0];9[0|0|0|0];9[0|0|0|0];9[0|0|0|0];9[0|0|0|0];9[0|0|0|0];9[0|0|0|0];9[0|0|0|0];9[0|0|0|0];9[0|0|0|0];9[0|0|0|0];9[1|1|0|0];8[0|1|1|0];8[0|0|0|0];8[0|0|0|0];8[0|0|0|0];10[2|0|1|0];10[0|0|0|0];10[0|0|0|0];10[0|0|0|0];10[0|0|0|0];10[0|0|0|0];10[0|0|0|0];10[0|0|0|0];10[0|0|0|0];10[0|0|0|0];10[0|0|0|0];10[0|0|0|0];10[0|0|0|0];10[0|0|0|0];
hlt_force_dll;6[0|0|0|0];6[0|0|0|0];6[0|0|0|0];6[0|0|0|0];6[0|0|0|0];6[0|0|0|0];6[0|0|0|0];6[0|0|0|0];6[0|0|0|0];6[0|0|0|0];6[0|0|0|0];6[0|0|0|0];6[0|0|0|0];6[0|0|0|0];6[0|0|0|0];6[0|0|0|0];6[0|0|0|0];6[0|0|0|0];6[0|0|0|0];6[0|0|1|0];6[0|0|0|0];6[0|0|0|0];6[0|0|0|0];6[0|0|0|0];6[0|0|0|0];6[0|0|0|0];6[0|0|0|0];6[0|0|0|0];6[0|0|0|0];6[0|0|0|0];6[0|0|0|0];6[0|0|0|0];7[1|0|0|0];6[0|1|0|0];6[0|0|0|0];6[0|0|0|0];6[0|0|0|0];6[0|0|0|0];0|-|-|-|-;0|-|-|-|-;0|-|-|-|-;0|-|-|-|-;0|-|-|-|-;0|-|-|-|-;0|-|-|-|-;0|-|-|-|-;0|-|-|-|-;0|-|-|-|-;0|-|-|-|-;0|-|-|-|-;0|-|-|-|-;0|-|-|-|-;0|-|-|-|-;0|-|-|-|-;0|-|-|-|-;0|-|-|-|-;0|-|-|-|-;0|-|-|-|-;0|-|-|-|-;0|-|-|-|-;0|-|-|-|-;0|-|-|-|-;0|-|-|-|-;0|-|-|-|-;0|-|-|-|-;0|-|-|-|-;0|-|-|-|-;0|-|-|-|-;0|-|-|-|-;0|-|-|-|-;0|-|-|-|-;0|-|-|-|-;0|-|-|-|-;0|-|-|-|-;0|-|-|-|-;0|-|-|-|-;0|-|-|-|-;0|-|-|-|-;0|-|-|-|-;0|-|-|-|-;0|-|-|-|-;0|-|-|-|-;0|-|-|-|-;0|-|-|-|-;0|-|-|-|-;
l1_muon_threshold_set;0|-|-|-|-;0|-|-|-|-;0|-|-|-|-;0|-|-|-|-;0|-|-|-|-;0|-|-|-|-;0|-|-|-|-;0|-|-|-|-;0|-|-|-|-;0|-|-|-|-;0|-|-|-|-;0|-|-|-|-;0|-|-|-|-;0|-|-|-|-;0|-|-|-|-;0|-|-|-|-;0|-|-|-|-;0|-|-|-|-;0|-|-|-|-;0|-|-|-|-;0|-|-|-|-;0|-|-|-|-;0|-|-|-|-;0|-|-|-|-;0|-|-|-|-;0|-|-|-|-;0|-|-|-|-;0|-|-|-|-;0|-|-|-|-;0|-|-|-|-;0|-|-|-|-;0|-|-|-|-;0|-|-|-|-;0|-|-|-|-;0|-|-|-|-;0|-|-|-|-;0|-|-|-|-;0|-|-|-|-;0|-|-|-|-;0|-|-|-|-;0|-|-|-|-;0|-|-|-|-;0|-|-|-|-;0|-|-|-|-;0|-|-|-|-;0|-|-|-|-;0|-|-|-|-;0|-|-|-|-;0|-|-|-|-;0|-|-|-|-;0|-|-|-|-;0|-|-|-|-;0|-|-|-|-;0|-|-|-|-;0|-|-|-|-;0|-|-|-|-;0|-|-|-|-;0|-|-|-|-;0|-|-|-|-;0|-|-|-|-;0|-|-|-|-;0|-|-|-|-;0|-|-|-|-;0|-|-|-|-;0|-|-|-|-;0|-|-|-|-;0|-|-|-|-;0|-|-|-|-;0|-|-|-|-;24[0|0|0|0];24[0|0|0|0];24[0|0|0|0];24[0|0|0|0];24[0|0|0|0];24[0|0|0|0];24[0|0|0|0];24[0|0|0|0];24[0|0|0|0];20[2|6|5|0];20[0|0|0|0];20[0|0|0|0];20[0|0|0|0];20[0|0|0|0];20[0|0|0|0];20[0|0|0|0];
HLT_HRE_TO_HRS;0|-|-|-|-;0|-|-|-|-;0|-|-|-|-;0|-|-|-|-;0|-|-|-|-;0|-|-|-|-;0|-|-|-|-;0|-|-|-|-;0|-|-|-|-;0|-|-|-|-;0|-|-|-|-;0|-|-|-|-;0|-|-|-|-;0|-|-|-|-;0|-|-|-|-;0|-|-|-|-;0|-|-|-|-;0|-|-|-|-;0|-|-|-|-;0|-|-|-|-;0|-|-|-|-;0|-|-|-|-;0|-|-|-|-;0|-|-|-|-;0|-|-|-|-;0|-|-|-|-;0|-|-|-|-;0|-|-|-|-;0|-|-|-|-;0|-|-|-|-;0|-|-|-|-;0|-|-|-|-;0|-|-|-|-;0|-|-|-|-;0|-|-|-|-;0|-|-|-|-;0|-|-|-|-;0|-|-|-|-;0|-|-|-|-;0|-|-|-|-;0|-|-|-|-;0|-|-|-|-;0|-|-|-|-;0|-|-|-|-;0|-|-|-|-;0|-|-|-|-;0|-|-|-|-;0|-|-|-|-;0|-|-|-|-;0|-|-|-|-;0|-|-|-|-;0|-|-|-|-;0|-|-|-|-;0|-|-|-|-;0|-|-|-|-;0|-|-|-|-;0|-|-|-|-;0|-|-|-|-;0|-|-|-|-;0|-|-|-|-;0|-|-|-|-;0|-|-|-|-;0|-|-|-|-;0|-|-|-|-;0|-|-|-|-;0|-|-|-|-;0|-|-|-|-;0|-|-|-|-;0|-|-|-|-;0|-|-|-|-;0|-|-|-|-;0|-|-|-|-;0|-|-|-|-;6[0|0|0|0];6[0|0|0|0];6[0|0|0|0];6[0|0|0|0];6[0|0|0|0];6[0|0|0|0];6[0|0|0|0];6[0|0|0|0];6[0|0|0|0];6[0|0|0|0];6[0|0|0|0];6[0|0|0|0];
l1_tm_to_tt_forced;6[0|0|0|0];6[0|0|0|0];6[0|0|0|0];6[0|0|0|0];6[0|0|0|0];6[0|0|0|0];6[0|0|0|0];6[0|0|0|0];6[0|0|0|0];6[0|0|0|0];6[0|0|0|0];6[0|0|0|0];6[0|0|0|0];6[0|0|0|0];6[0|0|0|0];6[0|0|0|0];6[0|0|0|0];6[0|0|0|0];6[0|0|0|0];6[0|0|1|0];6[0|0|0|0];6[0|0|0|0];6[0|0|0|0];6[0|0|0|0];6[0|0|0|0];6[0|0|0|0];6[0|0|0|0];6[0|0|0|0];6[0|0|0|0];6[0|0|0|0];6[0|0|0|0];6[0|0|0|0];7[1|0|0|0];6[0|1|0|0];6[0|0|0|0];6[0|0|0|0];6[0|0|0|0];6[0|0|0|0];6[0|0|0|0];6[0|0|0|0];6[0|0|0|0];6[0|0|0|0];6[0|0|0|0];6[0|0|0|0];6[0|0|0|0];6[0|0|0|0];6[0|0|0|0];6[0|0|0|0];6[0|0|0|0];6[0|0|1|0];6[0|0|0|0];6[0|0|0|0];6[0|0|0|0];6[0|0|0|0];6[0|0|0|0];6[0|0|0|0];6[0|0|0|0];6[0|0|0|0];6[0|0|0|0];6[0|0|0|0];6[0|0|0|0];6[0|0|0|0];6[0|0|0|0];6[0|0|0|0];6[0|0|0|0];6[0|0|0|0];6[0|0|0|0];6[0|0|0|0];6[0|0|0|0];6[0|0|0|0];6[0|0|0|0];6[0|0|0|0];6[0|0|0|0];6[0|0|0|0];6[0|0|0|0];6[0|0|0|0];6[0|0|0|0];6[0|0|0|0];6[0|0|0|0];6[0|0|0|0];6[0|0|0|0];6[0|0|0|0];6[0|0|0|0];6[0|0|0|0];6[0|0|0|0];
hlt_cp_to_cp;0|-|-|-|-;0|-|-|-|-;0|-|-|-|-;0|-|-|-|-;0|-|-|-|-;0|-|-|-|-;0|-|-|-|-;0|-|-|-|-;0|-|-|-|-;0|-|-|-|-;0|-|-|-|-;0|-|-|-|-;0|-|-|-|-;0|-|-|-|-;0|-|-|-|-;0|-|-|-|-;0|-|-|-|-;0|-|-|-|-;0|-|-|-|-;0|-|-|-|-;0|-|-|-|-;0|-|-|-|-;0|-|-|-|-;0|-|-|-|-;0|-|-|-|-;0|-|-|-|-;0|-|-|-|-;0|-|-|-|-;0|-|-|-|-;0|-|-|-|-;0|-|-|-|-;0|-|-|-|-;0|-|-|-|-;0|-|-|-|-;0|-|-|-|-;0|-|-|-|-;0|-|-|-|-;0|-|-|-|-;0|-|-|-|-;0|-|-|-|-;0|-|-|-|-;0|-|-|-|-;0|-|-|-|-;0|-|-|-|-;0|-|-|-|-;0|-|-|-|-;0|-|-|-|-;0|-|-|-|-;0|-|-|-|-;0|-|-|-|-;0|-|-|-|-;0|-|-|-|-;0|-|-|-|-;0|-|-|-|-;0|-|-|-|-;0|-|-|-|-;0|-|-|-|-;0|-|-|-|-;0|-|-|-|-;0|-|-|-|-;0|-|-|-|-;0|-|-|-|-;0|-|-|-|-;0|-|-|-|-;0|-|-|-|-;0|-|-|-|-;6[0|0|0|0];6[2|2|0|0];6[0|0|0|0];6[0|0|0|0];6[0|0|0|0];6[0|0|0|0];6[0|0|0|0];6[0|0|0|0];6[0|0|0|0];6[0|0|0|0];6[0|0|0|0];6[0|0|0|0];6[0|0|0|0];6[0|0|0|0];6[0|0|0|0];6[0|0|0|0];6[0|0|0|0];6[0|0|0|0];6[0|0|0|0];
hlt_so_to_dl;3[0|0|0|0];3[0|0|0|0];3[0|0|0|0];3[0|0|0|0];3[0|0|0|0];3[0|0|0|0];3[0|0|0|0];3[0|0|0|0];3[0|0|0|0];3[0|0|0|0];3[0|0|0|0];3[0|0|0|0];3[0|0|0|0];3[0|0|0|0];3[0|0|0|0];3[0|0|0|0];3[0|0|0|0];3[0|0|0|0];3[0|0|0|0];3[0|0|0|0];3[0|0|0|0];3[0|0|0|0];0|-|-|-|-;0|-|-|-|-;0|-|-|-|-;0|-|-|-|-;0|-|-|-|-;0|-|-|-|-;0|-|-|-|-;0|-|-|-|-;0|-|-|-|-;0|-|-|-|-;0|-|-|-|-;0|-|-|-|-;0|-|-|-|-;0|-|-|-|-;0|-|-|-|-;0|-|-|-|-;0|-|-|-|-;0|-|-|-|-;0|-|-|-|-;0|-|-|-|-;0|-|-|-|-;0|-|-|-|-;0|-|-|-|-;0|-|-|-|-;0|-|-|-|-;0|-|-|-|-;0|-|-|-|-;0|-|-|-|-;0|-|-|-|-;0|-|-|-|-;0|-|-|-|-;0|-|-|-|-;0|-|-|-|-;0|-|-|-|-;0|-|-|-|-;0|-|-|-|-;0|-|-|-|-;0|-|-|-|-;0|-|-|-|-;0|-|-|-|-;0|-|-|-|-;0|-|-|-|-;0|-|-|-|-;0|-|-|-|-;0|-|-|-|-;0|-|-|-|-;0|-|-|-|-;0|-|-|-|-;0|-|-|-|-;0|-|-|-|-;0|-|-|-|-;0|-|-|-|-;0|-|-|-|-;0|-|-|-|-;0|-|-|-|-;0|-|-|-|-;0|-|-|-|-;0|-|-|-|-;0|-|-|-|-;0|-|-|-|-;0|-|-|-|-;0|-|-|-|-;0|-|-|-|-;
HLT_HRU_TO_HRC;0|-|-|-|-;0|-|-|-|-;0|-|-|-|-;0|-|-|-|-;0|-|-|-|-;0|-|-|-|-;0|-|-|-|-;0|-|-|-|-;0|-|-|-|-;0|-|-|-|-;0|-|-|-|-;0|-|-|-|-;0|-|-|-|-;0|-|-|-|-;0|-|-|-|-;0|-|-|-|-;0|-|-|-|-;0|-|-|-|-;0|-|-|-|-;0|-|-|-|-;0|-|-|-|-;0|-|-|-|-;0|-|-|-|-;0|-|-|-|-;0|-|-|-|-;0|-|-|-|-;0|-|-|-|-;0|-|-|-|-;0|-|-|-|-;0|-|-|-|-;0|-|-|-|-;0|-|-|-|-;0|-|-|-|-;0|-|-|-|-;0|-|-|-|-;0|-|-|-|-;0|-|-|-|-;0|-|-|-|-;0|-|-|-|-;0|-|-|-|-;0|-|-|-|-;0|-|-|-|-;0|-|-|-|-;0|-|-|-|-;0|-|-|-|-;0|-|-|-|-;0|-|-|-|-;0|-|-|-|-;0|-|-|-|-;0|-|-|-|-;0|-|-|-|-;0|-|-|-|-;0|-|-|-|-;0|-|-|-|-;0|-|-|-|-;0|-|-|-|-;0|-|-|-|-;0|-|-|-|-;0|-|-|-|-;0|-|-|-|-;0|-|-|-|-;0|-|-|-|-;0|-|-|-|-;0|-|-|-|-;0|-|-|-|-;0|-|-|-|-;0|-|-|-|-;0|-|-|-|-;0|-|-|-|-;0|-|-|-|-;7[0|0|0|0];7[0|0|0|0];7[0|0|0|0];7[0|0|0|0];7[0|0|0|0];7[0|0|0|0];7[0|0|0|0];7[0|0|0|0];7[0|0|0|0];7[0|0|0|0];7[0|0|0|0];7[0|0|0|0];7[0|0|0|0];7[0|0|0|0];7[0|0|0|0];
hlt_tc_to_tr;0|-|-|-|-;0|-|-|-|-;0|-|-|-|-;6[0|0|0|0];6[0|0|0|0];6[0|0|0|0];6[0|0|0|0];6[0|0|0|0];6[0|0|0|0];6[0|0|0|0];6[0|0|0|0];6[0|0|0|0];6[0|0|0|0];6[0|0|0|0];6[0|0|0|0];6[0|0|0|0];6[0|0|0|0];7[1|0|0|0];7[0|0|0|0];7[0|0|1|0];7[0|0|0|0];7[0|0|0|0];7[0|0|0|0];7[0|0|0|0];7[0|0|0|0];7[0|0|0|0];7[0|0|0|0];7[0|0|0|0];7[0|0|0|0];7[0|0|0|0];7[0|0|0|0];7[0|0|0|0];8[1|0|0|0];7[0|1|0|0];7[0|0|0|0];7[0|0|0|0];7[0|0|0|0];7[0|0|0|0];7[0|0|0|0];7[0|0|0|0];7[0|0|0|0];7[0|0|0|0];7[0|0|0|0];7[0|0|0|0];7[0|0|0|0];7[0|0|0|0];7[0|0|0|0];7[0|0|0|0];7[0|0|0|0];7[0|0|1|0];7[0|0|0|0];7[0|0|0|0];7[0|0|0|0];0|-|-|-|-;6[0|0|0|0];7[1|0|1|0];7[0|0|0|0];7[0|0|0|0];7[0|0|0|0];7[0|0|0|0];7[0|0|0|0];7[0|0|0|0];7[0|0|0|0];7[0|0|0|0];7[0|0|0|0];7[0|0|1|0];7[0|0|0|0];7[0|0|0|0];7[0|0|0|0];7[0|0|0|0];7[0|0|0|0];7[0|0|0|0];7[0|0|0|0];7[0|0|0|0];7[0|0|0|0];7[0|0|0|0];7[0|0|0|0];7[0|0|0|0];7[0|0|0|0];7[0|0|0|0];7[0|0|0|0];7[0|0|0|0];7[0|0|0|0];7[0|0|0|0];7[0|0|0|0];
l1_tm_to_ps;0|-|-|-|-;0|-|-|-|-;0|-|-|-|-;0|-|-|-|-;0|-|-|-|-;0|-|-|-|-;0|-|-|-|-;0|-|-|-|-;0|-|-|-|-;0|-|-|-|-;0|-|-|-|-;0|-|-|-|-;0|-|-|-|-;0|-|-|-|-;0|-|-|-|-;0|-|-|-|-;0|-|-|-|-;0|-|-|-|-;0|-|-|-|-;0|-|-|-|-;0|-|-|-|-;0|-|-|-|-;0|-|-|-|-;0|-|-|-|-;0|-|-|-|-;0|-|-|-|-;0|-|-|-|-;0|-|-|-|-;0|-|-|-|-;0|-|-|-|-;0|-|-|-|-;0|-|-|-|-;0|-|-|-|-;0|-|-|-|-;0|-|-|-|-;0|-|-|-|-;0|-|-|-|-;0|-|-|-|-;0|-|-|-|-;0|-|-|-|-;0|-|-|-|-;0|-|-|-|-;0|-|-|-|-;0|-|-|-|-;0|-|-|-|-;0|-|-|-|-;0|-|-|-|-;0|-|-|-|-;0|-|-|-|-;0|-|-|-|-;0|-|-|-|-;0|-|-|-|-;0|-|-|-|-;0|-|-|-|-;0|-|-|-|-;0|-|-|-|-;0|-|-|-|-;0|-|-|-|-;0|-|-|-|-;0|-|-|-|-;0|-|-|-|-;0|-|-|-|-;0|-|-|-|-;0|-|-|-|-;0|-|-|-|-;0|-|-|-|-;0|-|-|-|-;6[0|0|0|0];6[0|0|0|0];6[0|0|0|0];6[0|0|0|0];6[0|0|0|0];6[0|0|0|0];6[0|0|0|0];6[0|0|0|0];6[0|0|0|0];6[0|0|0|0];6[0|0|0|0];6[0|0|0|0];6[0|0|0|0];6[0|0|0|0];6[0|0|0|0];6[0|0|0|0];6[0|0|0|0];6[0|0|0|0];
hlt_tc_to_ts;7[0|0|0|0];7[0|0|0|0];7[0|0|0|0];7[0|0|0|0];7[0|0|0|0];7[0|0|0|0];7[0|0|0|0];7[0|0|0|0];7[0|0|0|0];7[0|0|0|0];7[0|0|0|0];7[0|0|0|0];7[0|0|0|0];7[0|0|0|0];7[0|0|0|0];7[0|0|0|0];7[0|0|0|0];7[0|0|0|0];7[0|0|0|0];7[0|0|1|0];7[0|0|0|0];7[0|0|0|0];7[0|0|0|0];7[0|0|0|0];7[0|0|0|0];7[0|0|0|0];7[0|0|0|0];7[0|0|0|0];7[0|0|0|0];7[0|0|0|0];7[0|0|0|0];7[0|0|0|0];8[1|0|0|0];7[0|1|0|0];7[0|0|0|0];7[0|0|0|0];7[0|0|0|0];7[0|0|0|0];7[0|0|0|0];7[0|0|0|0];7[0|0|0|0];7[0|0|0|0];7[0|0|0|0];7[0|0|0|0];7[0|0|0|0];7[0|0|0|0];7[0|0|0|0];7[0|0|0|0];7[0|0|0|0];7[0|0|1|0];7[0|0|0|0];7[0|0|0|0];7[0|0|0|0];7[0|0|0|0];7[0|0|0|0];7[0|0|0|0];7[0|0|0|0];7[0|0|0|0];7[0|0|0|0];7[0|0|0|0];7[0|0|0|0];7[0|0|0|0];7[0|0|0|0];7[0|0|0|0];7[0|0|0|0];7[0|0|0|0];7[0|0|0|0];7[0|0|0|0];7[0|0|0|0];7[0|0|0|0];7[0|0|0|0];7[0|0|0|0];7[0|0|0|0];7[0|0|0|0];7[0|0|0|0];7[0|0|0|0];7[0|0|0|0];7[0|0|0|0];7[0|0|0|0];7[0|0|0|0];7[0|0|0|0];7[0|0|0|0];7[0|0|0|0];7[0|0|0|0];7[0|0|0|0];
hlt_release;6[0|0|0|0];6[0|0|0|0];6[0|0|0|0];6[0|0|0|0];6[0|0|0|0];6[0|0|0|0];6[0|0|0|0];6[0|0|0|0];6[0|0|0|0];6[0|0|0|0];6[0|0|0|0];6[0|0|0|0];6[0|0|0|0];6[0|0|0|0];6[0|0|0|0];6[0|0|0|0];6[0|0|0|0];6[0|0|0|0];6[0|0|0|0];6[0|0|1|0];6[0|0|0|0];6[0|0|0|0];6[0|0|0|0];6[0|0|0|0];6[0|0|0|0];6[0|0|0|0];6[0|0|0|0];6[0|0|0|0];6[0|0|0|0];6[0|0|0|0];6[0|0|0|0];6[0|0|0|0];7[1|0|0|0];6[0|1|0|0];6[0|0|0|0];6[0|0|0|0];6[0|0|0|0];6[0|0|0|0];6[0|0|0|0];6[0|0|0|0];6[0|0|0|0];6[0|0|0|0];6[0|0|0|0];6[0|0|0|0];6[0|0|0|0];6[0|0|0|0];6[0|0|0|0];6[0|0|0|0];6[0|0|0|0];6[0|0|1|0];6[0|0|0|0];6[0|0|0|0];6[0|0|0|0];6[0|0|0|0];6[0|0|0|0];6[0|0|0|0];6[0|0|0|0];6[0|0|0|0];6[0|0|0|0];6[0|0|0|0];6[0|0|0|0];6[0|0|1|0];6[0|0|0|0];6[0|0|0|0];6[0|0|0|0];6[0|0|0|0];6[0|0|0|0];6[0|0|0|0];6[0|0|0|0];6[0|0|0|0];6[0|0|0|0];6[0|0|0|0];6[0|0|0|0];6[0|0|0|0];6[0|0|0|0];6[0|0|0|0];6[0|0|0|0];8[3|1|1|0];8[0|0|0|0];8[0|0|0|0];8[0|0|0|0];8[0|0|0|0];8[0|0|0|0];8[0|0|0|0];8[0|0|0|0];
hlt_tc_to_tt;0|-|-|-|-;0|-|-|-|-;0|-|-|-|-;0|-|-|-|-;0|-|-|-|-;0|-|-|-|-;0|-|-|-|-;0|-|-|-|-;0|-|-|-|-;0|-|-|-|-;0|-|-|-|-;0|-|-|-|-;0|-|-|-|-;0|-|-|-|-;0|-|-|-|-;0|-|-|-|-;0|-|-|-|-;0|-|-|-|-;0|-|-|-|-;0|-|-|-|-;0|-|-|-|-;0|-|-|-|-;0|-|-|-|-;0|-|-|-|-;0|-|-|-|-;0|-|-|-|-;0|-|-|-|-;0|-|-|-|-;0|-|-|-|-;0|-|-|-|-;0|-|-|-|-;0|-|-|-|-;0|-|-|-|-;0|-|-|-|-;0|-|-|-|-;0|-|-|-|-;0|-|-|-|-;0|-|-|-|-;0|-|-|-|-;0|-|-|-|-;0|-|-|-|-;0|-|-|-|-;0|-|-|-|-;0|-|-|-|-;0|-|-|-|-;0|-|-|-|-;0|-|-|-|-;0|-|-|-|-;0|-|-|-|-;0|-|-|-|-;0|-|-|-|-;0|-|-|-|-;0|-|-|-|-;6[0|0|0|0];0|-|-|-|-;0|-|-|-|-;0|-|-|-|-;0|-|-|-|-;0|-|-|-|-;0|-|-|-|-;0|-|-|-|-;0|-|-|-|-;0|-|-|-|-;0|-|-|-|-;0|-|-|-|-;0|-|-|-|-;0|-|-|-|-;0|-|-|-|-;0|-|-|-|-;0|-|-|-|-;0|-|-|-|-;0|-|-|-|-;0|-|-|-|-;0|-|-|-|-;0|-|-|-|-;0|-|-|-|-;0|-|-|-|-;0|-|-|-|-;0|-|-|-|-;0|-|-|-|-;0|-|-|-|-;0|-|-|-|-;0|-|-|-|-;0|-|-|-|-;0|-|-|-|-;
hlt_trigger_signature;5[0|0|0|0];5[0|0|0|0];5[0|0|0|0];5[0|0|0|0];5[0|0|0|0];5[0|0|0|0];5[0|0|0|0];5[0|0|0|0];5[0|0|0|0];5[0|0|0|0];5[0|0|0|0];5[0|0|0|0];5[0|0|0|0];5[0|0|0|0];5[0|0|0|0];5[0|0|0|0];5[0|0|0|0];5[0|0|0|0];5[0|0|0|0];5[0|0|1|0];5[0|0|0|0];5[0|0|0|0];5[0|0|0|0];5[0|0|0|0];5[0|0|0|0];5[0|0|0|0];5[0|0|0|0];5[0|0|0|0];5[0|0|0|0];5[0|0|0|0];5[0|0|0|0];5[0|0|0|0];6[1|0|0|0];5[0|1|0|0];5[0|0|0|0];5[0|0|0|0];5[0|0|0|0];5[0|0|0|0];5[0|0|0|0];5[0|0|0|0];5[0|0|0|0];5[0|0|0|0];5[0|0|0|0];5[0|0|0|0];5[0|0|0|0];5[0|0|0|0];5[0|0|0|0];5[0|0|0|0];5[0|0|0|0];5[0|0|1|0];5[0|0|0|0];5[0|0|0|0];5[0|0|0|0];5[0|0|0|0];5[0|0|0|0];5[0|0|0|0];5[0|0|0|0];5[0|0|0|0];5[0|0|0|0];5[0|0|0|0];5[0|0|0|0];5[0|0|0|0];5[0|0|0|0];5[0|0|0|0];5[0|0|0|0];5[0|0|0|0];5[0|0|0|0];5[0|0|0|0];5[0|0|0|0];5[0|0|0|0];5[0|0|0|0];5[0|0|0|0];5[0|0|0|0];5[0|0|0|0];5[0|0|0|0];5[0|0|0|0];5[0|0|0|0];5[0|0|0|0];5[0|0|0|0];5[0|0|0|0];5[0|0|0|0];5[0|0|0|0];5[0|0|0|0];5[0|0|0|0];5[0|0|0|0];
l1_tm_to_ti;7[0|0|0|0];7[0|0|0|0];7[0|0|0|0];7[0|0|0|0];7[0|0|0|0];7[0|0|0|0];7[0|0|0|0];7[0|0|0|0];7[0|0|0|0];7[0|0|0|0];7[0|0|0|0];7[0|0|0|0];7[0|0|0|0];7[0|0|0|0];7[0|0|0|0];7[0|0|0|0];7[0|0|0|0];7[0|0|0|0];7[0|0|0|0];7[0|0|1|0];7[0|0|0|0];7[0|0|0|0];7[0|0|0|0];6[0|1|0|0];6[0|0|0|0];6[0|0|0|0];6[0|0|0|0];6[0|0|0|0];6[0|0|0|0];6[0|0|0|0];6[0|0|0|0];6[0|0|0|0];7[1|0|0|0];6[0|1|0|0];6[0|0|0|0];6[0|0|0|0];6[0|0|0|0];6[0|0|0|0];6[0|0|0|0];6[0|0|0|0];6[0|0|0|0];6[0|0|0|0];6[0|0|0|0];6[0|0|0|0];6[0|0|0|0];6[0|0|0|0];6[0|0|0|0];6[0|0|0|0];6[0|0|0|0];6[0|0|1|0];6[0|0|0|0];6[0|0|0|0];6[0|0|0|0];6[0|0|0|0];6[0|0|0|0];6[0|0|0|0];6[0|0|0|0];6[0|0|0|0];6[0|0|0|0];6[0|0|0|0];6[0|0|0|0];6[0|0|0|0];6[0|0|0|0];6[0|0|0|0];6[0|0|0|0];6[0|0|0|0];6[0|0|0|0];6[0|0|0|0];6[0|0|0|0];6[0|0|0|0];6[0|0|0|0];6[0|0|0|0];6[0|0|0|0];6[0|0|0|0];6[0|0|0|0];6[0|0|0|0];6[0|0|0|0];6[0|0|0|0];6[0|0|0|0];6[0|0|0|0];6[0|0|0|0];6[0|0|0|0];6[0|0|0|0];6[0|0|0|0];6[0|0|0|0];
hlt_trigger_chain;10[0|0|0|0];10[0|0|0|0];10[0|0|0|0];10[0|0|0|0];10[0|0|0|0];10[0|0|0|0];10[1|1|0|0];10[0|0|1|0];10[0|0|1|0];10[0|0|0|0];10[0|0|0|0];10[0|0|0|0];10[0|0|0|0];10[0|0|0|0];10[0|0|0|0];10[0|0|0|0];10[0|0|0|0];10[0|0|0|0];10[0|0|0|0];10[0|0|1|0];10[0|0|0|0];10[0|0|0|0];10[0|0|0|0];11[1|0|0|0];11[0|0|0|0];11[0|0|0|0];11[0|0|0|0];11[0|0|0|0];11[0|0|0|0];11[0|0|0|0];11[0|0|0|0];11[0|0|0|0];12[1|0|0|0];11[0|1|0|0];11[0|0|0|0];11[0|0|0|0];11[0|0|0|0];11[0|0|0|0];11[0|0|0|0];11[0|0|0|0];11[0|0|0|0];11[0|0|2|0];11[0|0|0|0];11[0|0|0|0];11[0|0|0|0];11[0|0|0|0];11[0|0|0|0];11[0|0|0|0];11[0|0|0|0];9[0|2|1|0];9[0|0|0|0];10[1|0|0|0];10[0|0|0|0];10[0|0|0|0];10[0|0|0|0];10[0|0|0|0];10[0|0|0|0];10[0|0|0|0];10[0|0|0|0];10[0|0|0|0];10[0|0|0|0];10[0|0|0|0];10[0|0|0|0];10[0|0|0|0];10[0|0|0|0];10[0|0|0|0];10[0|0|0|0];11[1|0|0|0];11[0|0|0|0];11[0|0|0|0];11[0|0|0|0];11[0|0|0|0];11[0|0|0|0];11[0|0|0|0];11[0|0|0|0];11[0|0|0|0];11[0|0|0|0];11[0|0|0|0];11[0|0|0|0];11[0|0|0|0];11[0|0|0|0];12[1|0|0|0];12[0|0|0|0];12[0|0|0|0];12[0|0|0|0];
l1_random_rates;0|-|-|-|-;0|-|-|-|-;0|-|-|-|-;0|-|-|-|-;0|-|-|-|-;0|-|-|-|-;0|-|-|-|-;0|-|-|-|-;0|-|-|-|-;0|-|-|-|-;0|-|-|-|-;0|-|-|-|-;0|-|-|-|-;0|-|-|-|-;0|-|-|-|-;0|-|-|-|-;0|-|-|-|-;0|-|-|-|-;0|-|-|-|-;0|-|-|-|-;0|-|-|-|-;0|-|-|-|-;0|-|-|-|-;0|-|-|-|-;0|-|-|-|-;0|-|-|-|-;0|-|-|-|-;0|-|-|-|-;0|-|-|-|-;0|-|-|-|-;0|-|-|-|-;0|-|-|-|-;0|-|-|-|-;2[0|0|0|0];3[1|0|1|1];3[0|0|0|0];3[0|0|0|0];3[0|0|0|0];3[0|0|0|0];3[0|0|0|0];3[0|0|0|0];3[0|0|0|0];3[0|0|0|0];3[0|0|0|0];3[0|0|0|0];3[0|0|0|0];3[0|0|0|0];3[0|0|0|0];3[0|0|0|0];3[0|0|0|0];3[0|0|0|0];3[0|0|0|0];3[0|0|0|0];3[0|0|0|0];3[0|0|0|0];3[0|0|0|0];3[0|0|0|0];3[0|0|0|0];3[0|0|0|0];3[0|0|0|0];3[0|0|0|0];3[0|0|0|0];3[0|0|0|0];3[0|0|0|0];3[0|0|0|0];3[0|0|0|0];3[0|0|0|0];3[0|0|0|0];3[0|0|0|0];3[0|0|0|0];3[0|0|0|0];3[0|0|0|0];3[0|0|0|0];3[0|0|0|0];3[0|0|0|0];3[0|0|0|0];3[0|0|0|0];3[0|0|0|0];3[0|0|0|0];3[0|0|0|0];3[0|0|0|0];3[0|0|0|0];3[0|0|0|0];3[0|0|0|0];3[0|0|0|0];
hlt_dl_to_en;3[0|0|0|0];3[0|0|0|0];3[0|0|0|0];3[0|0|0|0];3[0|0|0|0];3[0|0|0|0];3[0|0|0|0];3[0|0|0|0];3[0|0|0|0];3[0|0|0|0];3[0|0|0|0];3[0|0|0|0];3[0|0|0|0];3[0|0|0|0];3[0|0|0|0];3[0|0|0|0];3[0|0|0|0];3[0|0|0|0];3[0|0|0|0];3[0|0|0|0];3[0|0|0|0];3[0|0|0|0];0|-|-|-|-;0|-|-|-|-;0|-|-|-|-;0|-|-|-|-;0|-|-|-|-;0|-|-|-|-;0|-|-|-|-;0|-|-|-|-;0|-|-|-|-;0|-|-|-|-;0|-|-|-|-;0|-|-|-|-;0|-|-|-|-;0|-|-|-|-;0|-|-|-|-;0|-|-|-|-;0|-|-|-|-;0|-|-|-|-;0|-|-|-|-;0|-|-|-|-;0|-|-|-|-;0|-|-|-|-;0|-|-|-|-;0|-|-|-|-;0|-|-|-|-;0|-|-|-|-;0|-|-|-|-;0|-|-|-|-;0|-|-|-|-;0|-|-|-|-;0|-|-|-|-;0|-|-|-|-;0|-|-|-|-;0|-|-|-|-;0|-|-|-|-;0|-|-|-|-;0|-|-|-|-;0|-|-|-|-;0|-|-|-|-;0|-|-|-|-;0|-|-|-|-;0|-|-|-|-;0|-|-|-|-;0|-|-|-|-;0|-|-|-|-;0|-|-|-|-;0|-|-|-|-;0|-|-|-|-;0|-|-|-|-;0|-|-|-|-;0|-|-|-|-;0|-|-|-|-;0|-|-|-|-;0|-|-|-|-;0|-|-|-|-;0|-|-|-|-;0|-|-|-|-;0|-|-|-|-;0|-|-|-|-;0|-|-|-|-;0|-|-|-|-;0|-|-|-|-;0|-|-|-|-;
l1_bunch_group_set;6[0|0|0|0];6[0|0|0|0];6[0|0|0|0];6[0|0|0|0];6[0|0|0|0];6[0|0|0|0];6[0|0|0|0];6[0|0|0|0];6[0|0|0|0];6[0|0|0|0];6[0|0|0|0];6[0|0|0|0];6[0|0|0|0];6[0|0|0|0];6[0|0|1|0];6[0|0|0|0];6[0|0|0|0];6[0|0|0|0];6[0|0|0|0];6[0|0|1|0];6[0|0|0|0];6[0|0|0|0];6[0|0|0|0];6[0|0|0|0];6[0|0|0|0];6[0|0|0|0];6[0|0|0|0];6[0|0|0|0];6[0|0|0|0];6[0|0|0|0];6[0|0|0|0];6[0|0|0|0];7[1|0|0|0];6[0|1|0|0];6[0|0|0|0];6[0|0|0|0];6[0|0|0|0];6[0|0|0|0];6[0|0|0|0];6[0|0|0|0];6[0|0|0|0];6[0|0|0|0];6[0|0|0|0];6[0|0|0|0];6[0|0|0|0];6[0|0|0|0];6[0|0|0|0];6[0|0|0|0];6[0|0|0|0];6[0|0|2|0];6[0|0|0|0];6[0|0|0|0];6[0|0|0|0];6[0|0|0|0];6[0|0|0|0];6[0|0|0|0];6[0|0|0|0];6[0|0|0|0];6[0|0|0|0];6[0|0|0|0];6[0|0|0|0];6[0|0|0|0];6[0|0|0|0];6[0|0|0|0];6[0|0|0|0];6[0|0|0|0];6[0|0|0|0];6[0|0|0|0];7[1|0|0|0];7[0|0|0|0];7[0|0|0|0];7[0|0|0|0];7[0|0|0|0];7[0|0|0|0];7[0|0|0|0];7[0|0|0|0];7[0|0|0|0];7[0|0|0|0];7[0|0|0|0];7[0|0|0|0];7[0|0|0|0];7[0|0|0|0];7[0|0|0|0];7[0|0|0|0];7[0|0|0|0];
hlt_prescale_set;7[0|0|0|0];7[0|0|0|0];7[0|0|0|0];7[0|0|0|0];7[0|0|0|0];7[0|0|0|0];7[0|0|0|0];7[0|0|1|0];7[0|0|0|0];7[0|0|0|0];7[0|0|0|0];7[0|0|0|0];7[0|0|0|0];7[0|0|0|0];7[0|0|0|0];7[0|0|0|0];7[0|0|0|0];7[0|0|0|0];7[0|0|0|0];7[0|0|1|0];7[0|0|0|0];7[0|0|0|0];7[0|0|0|0];7[0|0|0|0];7[0|0|0|0];7[0|0|0|0];7[0|0|0|0];7[0|0|0|0];7[0|0|0|0];7[0|0|0|0];7[0|0|0|0];7[0|0|0|0];8[1|0|0|0];7[0|1|0|0];7[0|0|0|0];7[0|0|0|0];7[0|0|0|0];7[0|0|0|0];7[0|0|0|0];7[0|0|0|0];7[0|0|0|0];7[0|0|0|0];7[0|0|0|0];7[0|0|0|0];7[0|0|0|0];7[0|0|0|0];7[0|0|1|0];7[0|0|0|0];7[0|0|0|0];7[0|0|1|0];7[0|0|0|0];7[0|0|0|0];7[0|0|0|0];7[0|0|1|0];7[0|0|0|0];7[0|0|0|0];7[0|0|0|0];7[0|0|0|0];7[0|0|0|0];7[0|0|0|0];7[0|0|0|0];7[0|0|0|0];7[0|0|0|0];7[0|0|0|0];7[0|0|0|0];7[0|0|0|0];7[0|0|0|0];6[0|1|0|0];7[1|0|0|0];7[0|0|0|0];7[0|0|0|0];7[0|0|0|0];7[0|0|0|0];7[0|0|0|0];7[0|0|0|0];7[0|0|0|0];7[0|0|0|0];7[0|0|0|0];7[0|0|0|0];7[0|0|0|0];7[0|0|0|0];7[0|0|0|0];7[0|0|0|0];7[0|0|0|0];7[0|0|0|0];
HLT_RULE_SET;0|-|-|-|-;0|-|-|-|-;0|-|-|-|-;0|-|-|-|-;0|-|-|-|-;0|-|-|-|-;0|-|-|-|-;0|-|-|-|-;0|-|-|-|-;0|-|-|-|-;0|-|-|-|-;0|-|-|-|-;0|-|-|-|-;0|-|-|-|-;0|-|-|-|-;0|-|-|-|-;0|-|-|-|-;0|-|-|-|-;0|-|-|-|-;0|-|-|-|-;0|-|-|-|-;0|-|-|-|-;0|-|-|-|-;0|-|-|-|-;0|-|-|-|-;0|-|-|-|-;0|-|-|-|-;0|-|-|-|-;0|-|-|-|-;0|-|-|-|-;0|-|-|-|-;0|-|-|-|-;0|-|-|-|-;0|-|-|-|-;0|-|-|-|-;0|-|-|-|-;0|-|-|-|-;0|-|-|-|-;0|-|-|-|-;0|-|-|-|-;0|-|-|-|-;0|-|-|-|-;0|-|-|-|-;0|-|-|-|-;0|-|-|-|-;0|-|-|-|-;0|-|-|-|-;0|-|-|-|-;0|-|-|-|-;0|-|-|-|-;0|-|-|-|-;0|-|-|-|-;0|-|-|-|-;0|-|-|-|-;0|-|-|-|-;0|-|-|-|-;0|-|-|-|-;0|-|-|-|-;0|-|-|-|-;0|-|-|-|-;0|-|-|-|-;0|-|-|-|-;0|-|-|-|-;0|-|-|-|-;0|-|-|-|-;0|-|-|-|-;0|-|-|-|-;0|-|-|-|-;0|-|-|-|-;0|-|-|-|-;6[0|0|0|0];6[0|0|0|0];6[0|0|0|0];6[0|0|0|0];6[0|0|0|0];6[0|0|0|0];6[0|0|0|0];6[0|0|0|0];6[0|0|0|0];6[0|0|0|0];6[0|0|0|0];6[0|0|0|0];6[0|0|0|0];6[0|0|0|0];6[0|0|0|0];
hlt_st_to_cp;6[0|0|0|0];6[0|0|0|0];6[0|0|0|0];6[0|0|0|0];6[0|0|0|0];6[0|0|0|0];6[0|0|0|0];6[0|0|0|0];6[0|0|0|0];6[0|0|0|0];6[0|0|0|0];6[0|0|0|0];6[0|0|0|0];6[0|0|0|0];6[0|0|0|0];6[0|0|0|0];6[0|0|0|0];6[0|0|0|0];6[0|0|0|0];6[0|0|1|0];6[0|0|0|0];6[0|0|0|0];6[0|0|0|0];6[0|0|0|0];6[0|0|0|0];6[0|0|0|0];6[0|0|0|0];6[0|0|0|0];6[0|0|0|0];6[0|0|0|0];6[0|0|0|0];6[0|0|0|0];7[1|0|0|0];6[0|1|0|0];6[0|0|0|0];6[0|0|0|0];6[0|0|0|0];6[0|0|0|0];6[0|0|0|0];6[0|0|0|0];6[0|0|0|0];6[0|0|0|0];6[0|0|0|0];6[0|0|0|0];6[0|0|0|0];6[0|0|0|0];6[0|0|0|0];6[0|0|0|0];6[0|0|0|0];6[0|0|1|0];6[0|0|0|0];6[0|0|0|0];6[0|0|0|0];6[0|0|0|0];6[0|0|0|0];6[0|0|0|0];6[0|0|0|0];6[0|0|0|0];6[0|0|0|0];6[0|0|0|0];6[0|0|0|0];6[0|0|0|0];6[0|0|0|0];6[0|0|0|0];6[0|0|0|0];6[0|0|0|0];6[0|0|0|0];6[0|0|0|0];6[0|0|0|0];6[0|0|0|0];6[0|0|0|0];6[0|0|0|0];6[0|0|0|0];6[0|0|0|0];6[0|0|0|0];6[0|0|0|0];6[0|0|0|0];6[0|0|0|0];6[0|0|0|0];6[0|0|0|0];6[0|0|0|0];6[0|0|0|0];6[0|0|0|0];6[0|0|0|0];6[0|0|0|0];
hlt_environment;7[0|0|0|0];7[0|0|0|0];7[0|0|0|0];7[0|0|0|0];7[0|0|0|0];7[0|0|0|0];7[0|0|0|0];7[0|0|1|0];7[0|0|0|0];7[0|0|0|0];7[0|0|0|0];7[0|0|0|0];7[0|0|0|0];7[0|0|0|0];7[0|0|0|0];7[0|0|0|0];7[0|0|0|0];7[0|0|0|0];7[0|0|0|0];7[0|0|1|0];7[0|0|0|0];7[0|0|0|0];0|-|-|-|-;0|-|-|-|-;0|-|-|-|-;0|-|-|-|-;0|-|-|-|-;0|-|-|-|-;0|-|-|-|-;0|-|-|-|-;0|-|-|-|-;0|-|-|-|-;0|-|-|-|-;0|-|-|-|-;0|-|-|-|-;0|-|-|-|-;0|-|-|-|-;0|-|-|-|-;0|-|-|-|-;0|-|-|-|-;0|-|-|-|-;0|-|-|-|-;0|-|-|-|-;0|-|-|-|-;0|-|-|-|-;0|-|-|-|-;0|-|-|-|-;0|-|-|-|-;0|-|-|-|-;0|-|-|-|-;0|-|-|-|-;0|-|-|-|-;0|-|-|-|-;0|-|-|-|-;0|-|-|-|-;0|-|-|-|-;0|-|-|-|-;0|-|-|-|-;0|-|-|-|-;0|-|-|-|-;0|-|-|-|-;0|-|-|-|-;0|-|-|-|-;0|-|-|-|-;0|-|-|-|-;0|-|-|-|-;0|-|-|-|-;0|-|-|-|-;0|-|-|-|-;0|-|-|-|-;0|-|-|-|-;0|-|-|-|-;0|-|-|-|-;0|-|-|-|-;0|-|-|-|-;0|-|-|-|-;0|-|-|-|-;0|-|-|-|-;0|-|-|-|-;0|-|-|-|-;0|-|-|-|-;0|-|-|-|-;0|-|-|-|-;0|-|-|-|-;0|-|-|-|-;
hlt_prescale_set_alias;0|-|-|-|-;0|-|-|-|-;0|-|-|-|-;0|-|-|-|-;0|-|-|-|-;0|-|-|-|-;0|-|-|-|-;0|-|-|-|-;0|-|-|-|-;0|-|-|-|-;0|-|-|-|-;0|-|-|-|-;0|-|-|-|-;0|-|-|-|-;0|-|-|-|-;0|-|-|-|-;0|-|-|-|-;0|-|-|-|-;0|-|-|-|-;0|-|-|-|-;0|-|-|-|-;0|-|-|-|-;0|-|-|-|-;0|-|-|-|-;0|-|-|-|-;0|-|-|-|-;0|-|-|-|-;0|-|-|-|-;0|-|-|-|-;0|-|-|-|-;0|-|-|-|-;0|-|-|-|-;0|-|-|-|-;7[0|0|0|0];7[0|0|0|0];7[0|0|0|0];7[0|0|0|0];7[0|0|0|0];7[0|0|0|0];7[0|0|0|0];7[0|0|0|0];7[0|0|0|0];7[0|0|0|0];7[0|0|0|0];7[0|0|0|0];7[0|0|0|0];7[0|0|0|0];7[0|0|0|0];7[0|0|0|0];7[0|0|2|0];7[0|0|0|0];7[0|0|0|0];7[0|0|0|0];7[0|0|0|0];7[0|0|0|0];7[0|0|0|0];7[0|0|0|0];7[0|0|0|0];7[0|0|0|0];7[0|0|0|0];7[0|0|0|0];7[0|0|0|0];7[0|0|0|0];7[0|0|0|0];7[0|0|0|0];7[0|0|0|0];7[0|0|0|0];7[0|0|0|0];7[0|0|0|0];7[0|0|0|0];7[0|0|0|0];7[0|0|0|0];7[0|0|0|0];7[0|0|0|0];7[0|0|0|0];7[0|0|0|0];7[0|0|0|0];7[0|0|0|0];7[0|0|1|0];7[0|0|0|0];7[0|0|0|0];7[0|0|0|0];7[0|0|0|0];7[0|0|0|0];7[0|0|0|0];
l1_trigger_type;14[0|0|0|0];14[0|0|0|0];14[0|0|0|0];14[0|0|0|0];14[0|0|0|0];14[0|0|0|0];14[0|0|0|0];14[0|0|0|0];14[0|0|0|0];14[0|0|0|0];14[0|0|0|0];14[0|0|0|0];14[0|0|0|0];14[0|0|0|0];14[0|0|1|0];14[0|0|0|0];14[0|0|0|0];14[0|0|0|0];14[0|0|0|0];14[0|0|1|0];14[0|0|0|0];14[0|0|0|0];14[0|0|0|0];14[0|0|0|0];14[0|0|0|0];14[0|0|0|0];14[0|0|0|0];14[0|0|0|0];14[0|0|0|0];14[0|0|0|0];14[0|0|0|0];14[0|0|0|0];15[1|0|0|0];14[0|1|0|0];14[0|0|0|0];14[0|0|0|0];14[0|0|0|0];14[0|0|0|0];14[0|0|0|0];14[0|0|0|0];14[0|0|0|0];14[0|0|0|0];14[0|0|0|0];14[0|0|0|0];14[0|0|0|0];14[0|0|0|0];14[0|0|0|0];14[0|0|0|0];14[0|0|0|0];14[0|0|2|0];14[0|0|0|0];14[0|0|0|0];14[0|0|0|0];14[0|0|0|0];14[0|0|0|0];14[0|0|0|0];14[0|0|0|0];0|-|-|-|-;0|-|-|-|-;0|-|-|-|-;0|-|-|-|-;0|-|-|-|-;0|-|-|-|-;0|-|-|-|-;0|-|-|-|-;0|-|-|-|-;0|-|-|-|-;0|-|-|-|-;0|-|-|-|-;0|-|-|-|-;0|-|-|-|-;0|-|-|-|-;0|-|-|-|-;0|-|-|-|-;0|-|-|-|-;0|-|-|-|-;0|-|-|-|-;0|-|-|-|-;0|-|-|-|-;0|-|-|-|-;0|-|-|-|-;0|-|-|-|-;0|-|-|-|-;0|-|-|-|-;0|-|-|-|-;
hlt_master_table;10[0|0|0|0];10[0|0|0|0];10[0|0|0|0];10[0|0|0|0];10[0|0|0|0];10[0|0|0|0];10[0|0|0|0];10[0|0|1|0];10[0|0|0|0];10[0|0|0|0];10[0|0|0|0];10[0|0|0|0];10[0|0|0|0];10[0|0|0|0];10[0|0|0|0];10[0|0|0|0];10[0|0|0|0];10[0|0|0|0];10[0|0|0|0];10[0|0|1|0];10[0|0|0|0];10[0|0|0|0];10[0|0|0|0];10[0|0|0|0];10[0|0|0|0];10[0|0|0|0];10[0|0|0|0];10[0|0|0|0];10[0|0|0|0];10[0|0|0|0];10[0|0|0|0];10[0|0|0|0];11[1|0|0|0];11[0|0|0|0];11[0|0|0|0];11[0|0|0|0];11[0|0|0|0];11[0|0|0|0];11[0|0|0|0];11[0|0|0|0];11[0|0|0|0];11[0|0|0|0];11[0|0|0|0];11[0|0|0|0];11[0|0|0|0];11[0|0|0|0];11[0|0|0|0];11[0|0|0|0];11[0|0|0|0];11[2|2|1|0];12[1|0|0|0];13[1|0|0|0];13[0|0|0|0];13[0|0|0|0];13[0|0|0|0];13[0|0|0|0];13[0|0|0|0];13[0|0|0|0];13[0|0|0|0];13[0|0|0|0];13[0|0|0|0];13[0|0|0|0];13[0|0|0|0];13[0|0|0|0];13[0|0|0|0];13[0|0|0|0];13[0|0|0|0];13[0|0|0|0];13[0|0|0|0];13[0|0|0|0];13[0|0|0|0];13[0|0|0|0];13[0|0|0|0];13[0|0|0|0];13[0|0|0|0];13[0|0|0|0];13[0|0|0|0];12[0|1|0|0];12[0|0|0|0];12[0|0|0|0];12[0|0|0|0];12[0|0|0|0];12[0|0|0|0];12[0|0|0|0];12[0|0|0|0];
l1_muon_threshold_sets;0|-|-|-|-;0|-|-|-|-;0|-|-|-|-;0|-|-|-|-;0|-|-|-|-;0|-|-|-|-;0|-|-|-|-;0|-|-|-|-;0|-|-|-|-;0|-|-|-|-;0|-|-|-|-;0|-|-|-|-;14[0|0|0|0];14[0|0|0|0];14[0|0|1|0];14[0|0|0|0];14[0|0|0|0];14[0|0|0|0];14[0|0|0|0];14[0|0|1|0];14[0|0|0|0];14[0|0|0|0];14[0|0|0|0];14[0|0|0|0];14[0|0|0|0];14[0|0|0|0];14[0|0|0|0];14[0|0|0|0];14[0|0|0|0];14[0|0|0|0];14[0|0|0|0];14[0|0|0|0];15[1|0|0|0];14[0|1|0|0];14[0|0|0|0];14[0|0|0|0];14[0|0|0|0];14[0|0|0|0];14[0|0|0|0];14[0|0|0|0];14[0|0|0|0];14[0|0|0|0];14[0|0|0|0];14[0|0|0|0];14[0|0|0|0];14[0|0|0|0];14[0|0|0|0];14[0|0|0|0];14[0|0|0|0];14[0|0|2|0];14[0|0|0|0];14[0|0|0|0];14[0|0|0|0];14[0|0|0|0];14[0|0|0|0];14[0|0|0|0];14[0|0|0|0];14[0|0|0|0];14[0|0|0|0];14[0|0|0|0];14[0|0|0|0];14[0|0|0|0];14[0|0|0|0];14[0|0|0|0];14[0|0|0|0];14[0|0|0|0];14[0|0|0|0];14[0|0|0|0];14[0|0|0|0];0|-|-|-|-;0|-|-|-|-;0|-|-|-|-;0|-|-|-|-;0|-|-|-|-;0|-|-|-|-;0|-|-|-|-;0|-|-|-|-;0|-|-|-|-;0|-|-|-|-;0|-|-|-|-;0|-|-|-|-;0|-|-|-|-;0|-|-|-|-;0|-|-|-|-;0|-|-|-|-;
l1_tm_to_tt;11[0|0|0|0];11[0|0|0|0];11[0|0|0|0];11[0|0|0|0];11[0|0|0|0];11[0|0|0|0];11[0|0|0|0];11[0|0|0|0];11[0|0|0|0];11[0|0|0|0];11[0|0|0|0];11[0|0|0|0];11[0|0|0|0];11[0|0|0|0];11[0|0|0|0];11[0|0|0|0];11[0|0|0|0];11[0|0|0|0];11[0|0|0|0];11[0|0|1|0];11[0|0|0|0];11[0|0|0|0];11[0|0|0|0];11[0|0|0|0];11[0|0|0|0];11[0|0|0|0];11[0|0|0|0];11[0|0|0|0];11[0|0|0|0];11[0|0|0|0];11[0|0|0|0];11[0|0|0|0];12[1|0|0|0];11[0|1|0|0];11[0|0|0|0];11[0|0|0|0];11[0|0|0|0];11[0|0|0|0];14[3|0|0|0];15[1|0|1|0];11[0|4|0|0];11[0|0|0|0];11[0|0|0|0];11[0|0|0|0];11[0|0|0|0];11[0|0|0|0];11[0|0|0|0];11[0|0|0|0];11[0|0|0|0];11[0|0|1|0];11[0|0|0|0];11[0|0|0|0];11[0|0|0|0];11[0|0|0|0];11[0|0|0|0];11[0|0|0|0];11[0|0|0|0];11[0|0|0|0];11[0|0|0|0];11[0|0|0|0];11[0|0|0|0];11[0|0|0|0];11[0|0|0|0];11[0|0|0|0];11[0|0|0|0];11[0|0|0|0];11[0|0|0|0];11[0|0|0|0];11[0|0|0|0];11[0|0|0|0];11[0|0|0|0];11[0|0|0|0];11[0|0|0|0];11[0|0|0|0];11[0|0|0|0];11[0|0|0|0];11[0|0|0|0];11[0|0|0|0];11[0|0|0|0];11[0|0|0|0];11[0|0|0|0];11[0|0|0|0];11[0|0|0|0];11[0|0|0|0];11[0|0|0|0];
